Company,Product Name,Product Category,Customer ID,Product ID,Date,Quantity,Total Cost (USD),State,Month,Year
Puma,RS-X³ Puzzle,Apparel,YK5W9LYB,PROD9306,2023-08-20,3,656.76,Nebraska,2023-08,2023
Adidas,Ultraboost 21,Apparel,0OTSH887,PROD4914,2023-10-27,1,201.17,Utah,2023-10,2023
Nike,Pegasus 39,Apparel,FDD4X5B4,PROD9327,2023-06-28,4,603.32,Nevada,2023-06,2023
Puma,Cali Star Metallic,Footwear,HFJOP8OV,PROD9725,2023-04-18,2,560.73,Michigan,2023-04,2023
Nike,ZoomX Vaporfly,Apparel,MP9KF56D,PROD2471,2023-09-20,3,374.09,Alabama,2023-09,2023
Adidas,Superstar,Apparel,5PZ4HZ0V,PROD2269,2023-11-28,5,973.08,Pennsylvania,2023-11,2023
Adidas,Superstar,Apparel,1YGRSNYN,PROD8441,2023-08-26,2,245.12,Rhode Island,2023-08,2023
Puma,Ignite Flash,Accessories,L2S8YFOG,PROD3697,2023-03-25,5,854.14,Minnesota,2023-03,2023
Puma,Suede Classic,Accessories,YVO8K4H8,PROD7557,2023-03-22,2,542.85,Montana,2023-03,2023
Puma,Suede Classic,Equipment,RCF2DFKY,PROD2625,2023-08-28,4,582.35,Illinois,2023-08,2023
Under Armour,HOVR Phantom 2,Accessories,7QZ5KNM0,PROD2984,2023-10-28,5,903.42,North Carolina,2023-10,2023
Nike,Metcon 7,Accessories,PRTH7B9F,PROD3514,2023-04-22,2,521.23,Virginia,2023-04,2023
Puma,Cali Star Metallic,Footwear,TC74DJ5Q,PROD5584,2023-08-21,3,296.92,Nevada,2023-08,2023
Puma,Cali Star Metallic,Equipment,UGJJZSER,PROD9463,2023-05-27,1,51.15,Indiana,2023-05,2023
Under Armour,Charged Assert 9,Accessories,BFMQ2M59,PROD1289,2023-01-07,3,469.59,Arkansas,2023-01,2023
Adidas,Superstar,Apparel,OXI2Z4ZT,PROD7347,2023-05-16,5,483.8,Oregon,2023-05,2023
Puma,Suede Classic,Apparel,SQYH9MWX,PROD7110,2023-01-02,2,141.71,Utah,2023-01,2023
Nike,Air Max 270,Footwear,5G0OH3FQ,PROD8153,2023-09-27,4,1033.96,Wyoming,2023-09,2023
Under Armour,Project Rock,Footwear,QZQFT0CG,PROD5298,2023-01-25,1,262.08,Massachusetts,2023-01,2023
Nike,ZoomX Vaporfly,Apparel,3KMG3RH9,PROD8153,2023-07-25,1,206.38,Louisiana,2023-07,2023
Under Armour,UA RUSH,Footwear,I9HW71YZ,PROD2429,2023-01-15,5,673.91,North Dakota,2023-01,2023
Under Armour,Charged Assert 9,Footwear,NQFAZ7DW,PROD3186,2023-09-28,5,347.04,Wisconsin,2023-09,2023
Adidas,Superstar,Equipment,QF31BAH5,PROD1897,2023-05-06,5,619.45,Ohio,2023-05,2023
Under Armour,Project Rock,Footwear,22V768XH,PROD6013,2023-01-06,2,214.24,Mississippi,2023-01,2023
Nike,Air Max 270,Equipment,RA97PXH0,PROD3840,2023-08-01,2,117.51,New Hampshire,2023-08,2023
Puma,Ignite Flash,Footwear,B93K5BZD,PROD8036,2023-03-01,4,756.4,Alabama,2023-03,2023
Nike,Metcon 7,Footwear,7A8MUTJC,PROD9571,2023-03-10,4,547.64,Virginia,2023-03,2023
Puma,Cali Star Metallic,Accessories,K6Z77WJ2,PROD8215,2023-08-04,1,65.3,Illinois,2023-08,2023
Under Armour,Charged Assert 9,Accessories,6UQEHW8X,PROD9148,2023-01-08,4,911.46,Arkansas,2023-01,2023
Adidas,Gazelle,Apparel,ERWY2T8B,PROD6638,2023-11-15,2,439.87,Delaware,2023-11,2023
Under Armour,Charged Assert 9,Footwear,5ALK89RX,PROD5517,2023-01-21,3,376.93,New Hampshire,2023-01,2023
Under Armour,UA RUSH,Footwear,UWQUO9ZR,PROD1681,2023-01-05,5,1232.17,Pennsylvania,2023-01,2023
Nike,ZoomX Vaporfly,Apparel,IJVOAS4L,PROD2571,2023-08-13,3,374.96,Washington,2023-08,2023
Under Armour,Project Rock,Apparel,LKLO4NS2,PROD9683,2023-08-02,1,151.38,South Dakota,2023-08,2023
Adidas,Superstar,Apparel,DBICH2DI,PROD3947,2023-05-01,1,251.67,New York,2023-05,2023
Adidas,NMD_R1,Footwear,WM1CJRA5,PROD4944,2023-10-13,2,106.24,Pennsylvania,2023-10,2023
Adidas,Ultraboost 21,Footwear,EQLWE979,PROD2246,2023-03-06,2,304.12,Maine,2023-03,2023
Under Armour,Charged Assert 9,Apparel,3W798VTT,PROD9568,2023-04-27,1,108.7,Connecticut,2023-04,2023
Under Armour,Project Rock,Accessories,DY0KVRNJ,PROD3685,2023-12-27,1,72.21,Colorado,2023-12,2023
Nike,ZoomX Vaporfly,Footwear,E1D26BSX,PROD1626,2023-02-04,1,270.77,Nebraska,2023-02,2023
Puma,Cali Star Metallic,Accessories,M8Y92Y9J,PROD1726,2023-10-26,1,55.7,New Jersey,2023-10,2023
Nike,Metcon 7,Apparel,J7J8NDSU,PROD8084,2023-04-05,2,555.7,West Virginia,2023-04,2023
Puma,Ignite Flash,Apparel,R9PJZHHM,PROD4770,2023-11-14,1,186.04,Rhode Island,2023-11,2023
Nike,ZoomX Vaporfly,Footwear,TR8VG831,PROD8053,2023-07-17,4,234.1,New Hampshire,2023-07,2023
Puma,Ignite Flash,Equipment,D6QRT3FZ,PROD1978,2023-10-08,2,117.37,North Dakota,2023-10,2023
Adidas,NMD_R1,Apparel,J0CEWSO9,PROD9622,2023-06-18,5,1359.45,Wisconsin,2023-06,2023
Puma,Cali Star Metallic,Accessories,Y1WEE2TZ,PROD4523,2023-03-04,3,852.9,Nebraska,2023-03,2023
Adidas,Ultraboost 21,Accessories,EVX02ZSE,PROD3989,2023-06-06,4,1118.35,Rhode Island,2023-06,2023
Nike,Pegasus 39,Accessories,TJRJW0C2,PROD9442,2023-12-21,2,265.02,Wisconsin,2023-12,2023
Adidas,Ultraboost 21,Equipment,0S3QL94V,PROD3561,2023-12-23,5,1113.18,Delaware,2023-12,2023
Adidas,Gazelle,Accessories,TEWQNMFW,PROD6725,2023-06-22,4,1171.92,Michigan,2023-06,2023
Nike,Air Max 270,Apparel,63FHVA3R,PROD6681,2023-01-08,1,225.31,Minnesota,2023-01,2023
Nike,Metcon 7,Accessories,FLJ085M6,PROD1426,2023-06-08,2,241.29,Idaho,2023-06,2023
Puma,RS-X³ Puzzle,Accessories,KP7I97PO,PROD6708,2023-02-19,4,1166.37,Wyoming,2023-02,2023
Adidas,Gazelle,Accessories,DS8T9XJT,PROD7500,2023-04-23,2,396.26,Oregon,2023-04,2023
Nike,Metcon 7,Equipment,L6KU1S3I,PROD4060,2023-07-03,3,365.49,Oklahoma,2023-07,2023
Puma,Ignite Flash,Accessories,BWYL1XGE,PROD5960,2023-08-11,5,856.75,Virginia,2023-08,2023
Under Armour,Charged Assert 9,Footwear,GC2PN7HV,PROD8462,2023-10-20,2,475.95,Arkansas,2023-10,2023
Nike,Air Max 270,Apparel,NRO8QAFO,PROD3959,2023-02-11,5,1147.2,Florida,2023-02,2023
Nike,ZoomX Vaporfly,Footwear,RP1QTLD8,PROD7282,2023-11-12,5,1408.9,Texas,2023-11,2023
Puma,Cali Star Metallic,Accessories,PRJSGWUO,PROD9967,2023-04-07,2,180.28,North Dakota,2023-04,2023
Puma,Ignite Flash,Equipment,KIXBIP03,PROD2799,2023-06-26,4,638.43,New Jersey,2023-06,2023
Puma,RS-X³ Puzzle,Apparel,9XB5HK3S,PROD1312,2023-03-10,3,398.25,California,2023-03,2023
Nike,Air Max 270,Footwear,6L2P1M5I,PROD5650,2023-09-26,5,1363.65,North Dakota,2023-09,2023
Under Armour,Charged Assert 9,Equipment,V8FV5SBG,PROD4040,2023-06-01,2,115.66,Pennsylvania,2023-06,2023
Under Armour,HOVR Phantom 2,Apparel,UTPKZRYC,PROD5694,2023-12-24,5,1335.23,Oklahoma,2023-12,2023
Puma,RS-X³ Puzzle,Footwear,OLVLQ1I2,PROD4622,2023-12-22,4,955.17,New Hampshire,2023-12,2023
Adidas,NMD_R1,Apparel,ZIJPX8N1,PROD4980,2023-06-07,5,436.75,Kentucky,2023-06,2023
Puma,RS-X³ Puzzle,Footwear,C273CFBB,PROD5145,2023-12-25,4,530.4,New Hampshire,2023-12,2023
Under Armour,Project Rock,Footwear,7VCJO0NN,PROD4214,2023-07-09,5,953.78,Montana,2023-07,2023
Nike,ZoomX Vaporfly,Accessories,1LBIRC8O,PROD5754,2023-11-15,1,133.21,Michigan,2023-11,2023
Puma,Suede Classic,Footwear,BH0GKCSN,PROD7388,2023-02-09,5,1032.36,Connecticut,2023-02,2023
Puma,Cali Star Metallic,Equipment,WBK88IBZ,PROD5807,2023-02-08,1,240.1,Connecticut,2023-02,2023
Puma,RS-X³ Puzzle,Apparel,R4KR37G2,PROD9853,2023-08-06,4,979.5,Oregon,2023-08,2023
Adidas,Superstar,Apparel,9CELU9G1,PROD7111,2023-12-14,4,1012.23,Nevada,2023-12,2023
Nike,ZoomX Vaporfly,Equipment,GF3AVWYB,PROD4808,2023-06-28,2,571.19,Kentucky,2023-06,2023
Nike,ZoomX Vaporfly,Footwear,EVK5LMJT,PROD1322,2023-03-18,2,348.74,Louisiana,2023-03,2023
Nike,Metcon 7,Footwear,HMDZPXAW,PROD5173,2023-03-08,5,565.33,Indiana,2023-03,2023
Puma,Cali Star Metallic,Accessories,PCC1ZEQ7,PROD7415,2023-09-17,4,212.73,Kentucky,2023-09,2023
Nike,Metcon 7,Equipment,H43U6IBU,PROD7701,2023-09-18,5,1137.4,South Carolina,2023-09,2023
Puma,Ignite Flash,Equipment,P5RCS45R,PROD8320,2023-03-07,5,833.27,California,2023-03,2023
Adidas,Superstar,Accessories,4EA494PH,PROD7487,2023-11-27,3,186.51,New York,2023-11,2023
Nike,Air Max 270,Accessories,JGI1TC0A,PROD9848,2023-08-15,2,357.32,Connecticut,2023-08,2023
Adidas,Gazelle,Equipment,XY661V6U,PROD4683,2023-09-15,4,474.85,Oklahoma,2023-09,2023
Under Armour,HOVR Phantom 2,Equipment,X6YI8GOD,PROD8381,2023-09-16,1,98.28,Kentucky,2023-09,2023
Nike,Pegasus 39,Apparel,S3LPF6H9,PROD1609,2023-05-15,2,478.18,New Jersey,2023-05,2023
Under Armour,HOVR Phantom 2,Apparel,XW0012D2,PROD4395,2023-01-07,3,642.53,New York,2023-01,2023
Adidas,Ultraboost 21,Accessories,Q3MZ6HG1,PROD5705,2023-09-06,2,512.28,New Jersey,2023-09,2023
Under Armour,Charged Assert 9,Equipment,Z9C3TMFT,PROD5996,2023-02-14,3,475.5,New Hampshire,2023-02,2023
Adidas,Superstar,Apparel,66Y1JVQA,PROD1521,2023-06-06,5,1443.99,Connecticut,2023-06,2023
Nike,Metcon 7,Footwear,GAHK7F7W,PROD6305,2023-08-17,3,722.26,Pennsylvania,2023-08,2023
Nike,Pegasus 39,Accessories,WZ8ABTS2,PROD5523,2023-04-08,4,389.18,Iowa,2023-04,2023
Nike,Pegasus 39,Equipment,LV9MBZ1B,PROD2094,2023-03-16,3,630.94,Delaware,2023-03,2023
Puma,Ignite Flash,Equipment,HC4TPLDH,PROD1583,2023-02-16,4,1184.53,Utah,2023-02,2023
Nike,ZoomX Vaporfly,Footwear,UJB2CN46,PROD8762,2023-06-13,2,248.17,Vermont,2023-06,2023
Adidas,Gazelle,Equipment,RZZMGUES,PROD8129,2023-01-15,1,267.75,Kansas,2023-01,2023
Adidas,Gazelle,Accessories,0Y2FBLH8,PROD2399,2023-07-04,3,500.07,Texas,2023-07,2023
Under Armour,Charged Assert 9,Footwear,3OV008OC,PROD5239,2023-12-18,1,115.37,Washington,2023-12,2023
Under Armour,UA RUSH,Accessories,9W49FU2R,PROD6197,2023-12-11,1,115.65,West Virginia,2023-12,2023
Puma,Cali Star Metallic,Footwear,QYNEMP1H,PROD4345,2023-03-15,4,982.94,Rhode Island,2023-03,2023
Under Armour,UA RUSH,Apparel,JW30LMMA,PROD4200,2023-09-08,2,337.7,Kansas,2023-09,2023
Under Armour,Project Rock,Accessories,1TSYK1GN,PROD1439,2023-08-21,5,867.45,Iowa,2023-08,2023
Puma,Ignite Flash,Accessories,20TFSMK9,PROD7772,2023-04-27,3,375.59,Louisiana,2023-04,2023
Adidas,Ultraboost 21,Footwear,FXD8HGMR,PROD4685,2023-05-19,4,1108.29,North Carolina,2023-05,2023
Puma,Suede Classic,Footwear,69WX2WO0,PROD8963,2023-01-25,2,367.78,Virginia,2023-01,2023
Adidas,NMD_R1,Footwear,SFLY5KIZ,PROD3729,2023-09-04,1,291.84,Massachusetts,2023-09,2023
Under Armour,Project Rock,Footwear,2VUL8D44,PROD2768,2023-05-02,1,267.0,Massachusetts,2023-05,2023
Under Armour,Charged Assert 9,Accessories,HW6N9XTU,PROD4032,2023-08-16,3,631.48,Iowa,2023-08,2023
Puma,RS-X³ Puzzle,Apparel,V4QZSUXW,PROD1878,2023-08-14,1,148.8,Montana,2023-08,2023
Under Armour,UA RUSH,Footwear,LD2BZTEH,PROD6722,2023-09-19,3,328.88,Louisiana,2023-09,2023
Nike,Metcon 7,Accessories,F9F5JLVK,PROD6505,2023-12-15,1,64.42,Arizona,2023-12,2023
Puma,RS-X³ Puzzle,Equipment,6X8KBE9W,PROD5495,2023-01-07,1,288.9,Georgia,2023-01,2023
Puma,RS-X³ Puzzle,Equipment,UC387L7T,PROD3508,2023-12-08,3,649.89,Indiana,2023-12,2023
Nike,ZoomX Vaporfly,Equipment,D7ABCHX9,PROD4723,2023-08-21,4,278.16,Idaho,2023-08,2023
Under Armour,Charged Assert 9,Accessories,9PM6TSSY,PROD3656,2023-06-18,4,521.72,Indiana,2023-06,2023
Under Armour,UA RUSH,Equipment,WV6G1CE3,PROD4922,2023-05-15,4,592.13,New Hampshire,2023-05,2023
Nike,ZoomX Vaporfly,Equipment,ZQ5YG9DX,PROD7436,2023-03-07,1,150.84,Georgia,2023-03,2023
Adidas,NMD_R1,Equipment,C7HHKJU8,PROD6925,2023-06-21,2,203.77,Maine,2023-06,2023
Nike,Metcon 7,Footwear,NMGB9K2W,PROD6006,2023-01-02,5,877.54,Washington,2023-01,2023
Under Armour,Charged Assert 9,Equipment,AVZSJHI0,PROD1772,2023-04-17,2,263.11,Pennsylvania,2023-04,2023
Adidas,Gazelle,Equipment,K5KP3W3L,PROD3796,2023-09-16,5,1487.66,Maryland,2023-09,2023
Puma,Ignite Flash,Apparel,C8FRK9W5,PROD4523,2023-12-20,1,138.71,California,2023-12,2023
Nike,Air Max 270,Equipment,I2QG5BLX,PROD5549,2023-08-04,1,122.75,Arkansas,2023-08,2023
Under Armour,Charged Assert 9,Accessories,HKXHPHE1,PROD4381,2023-06-23,2,242.33,New Mexico,2023-06,2023
Under Armour,Charged Assert 9,Apparel,YV8FRTJ5,PROD8266,2023-06-08,1,95.45,Louisiana,2023-06,2023
Nike,Air Max 270,Apparel,KO4ZHAW3,PROD5156,2023-09-24,2,548.46,Iowa,2023-09,2023
Nike,Metcon 7,Equipment,J5HJNFKZ,PROD2247,2023-03-07,4,1025.72,Wisconsin,2023-03,2023
Under Armour,UA RUSH,Accessories,DHT8MWNE,PROD9173,2023-04-05,5,878.79,Mississippi,2023-04,2023
Under Armour,Charged Assert 9,Accessories,8IQC1NF4,PROD1133,2023-06-07,5,840.56,Texas,2023-06,2023
Puma,Cali Star Metallic,Apparel,OWEBS8SF,PROD4992,2023-10-12,1,160.98,South Dakota,2023-10,2023
Under Armour,Charged Assert 9,Equipment,N6D55ZB0,PROD7687,2023-12-08,3,896.37,Minnesota,2023-12,2023
Puma,Ignite Flash,Apparel,XOMCL0LQ,PROD5305,2023-03-26,3,618.11,Delaware,2023-03,2023
Adidas,Ultraboost 21,Footwear,YBUU5MQW,PROD1751,2023-03-01,1,57.55,New Mexico,2023-03,2023
Puma,RS-X³ Puzzle,Accessories,CIL32DFD,PROD6194,2023-01-19,1,251.16,Connecticut,2023-01,2023
Under Armour,HOVR Phantom 2,Equipment,PEILLCRG,PROD9685,2023-12-22,2,362.41,Nevada,2023-12,2023
Adidas,NMD_R1,Accessories,NHS02OTL,PROD9392,2023-01-26,3,620.11,Illinois,2023-01,2023
Puma,Ignite Flash,Accessories,PR166WM4,PROD1354,2023-06-11,3,705.07,New York,2023-06,2023
Under Armour,HOVR Phantom 2,Apparel,08CNS6JP,PROD6712,2023-10-02,3,836.49,Ohio,2023-10,2023
Nike,Air Max 270,Footwear,JJJ2XXHW,PROD4604,2023-11-06,3,437.25,Rhode Island,2023-11,2023
Under Armour,UA RUSH,Apparel,Y38GW501,PROD7494,2023-11-15,2,595.81,Idaho,2023-11,2023
Puma,RS-X³ Puzzle,Footwear,X8VA4893,PROD7841,2023-10-15,1,139.36,Idaho,2023-10,2023
Under Armour,Project Rock,Equipment,ZLRMA9U4,PROD2373,2023-07-01,5,697.91,Georgia,2023-07,2023
Nike,Air Max 270,Footwear,BU6QQU9K,PROD7404,2023-11-12,3,773.23,Wyoming,2023-11,2023
Adidas,Ultraboost 21,Accessories,S513H2LB,PROD1936,2023-10-06,5,342.72,Nebraska,2023-10,2023
Puma,Suede Classic,Accessories,MM33EUQ2,PROD5365,2023-09-20,5,539.23,Maryland,2023-09,2023
Puma,Ignite Flash,Footwear,N5KM539X,PROD3088,2023-06-24,1,249.2,South Carolina,2023-06,2023
Adidas,Superstar,Apparel,SB0PU56O,PROD8798,2023-04-02,4,726.14,Arkansas,2023-04,2023
Puma,Suede Classic,Apparel,6EG1K1YY,PROD6453,2023-12-12,3,211.98,Indiana,2023-12,2023
Nike,Air Max 270,Apparel,CDGDGIWL,PROD1203,2023-09-28,2,374.71,Massachusetts,2023-09,2023
Under Armour,Project Rock,Footwear,50CY3NQH,PROD7523,2023-01-05,3,275.61,Kentucky,2023-01,2023
Puma,Ignite Flash,Apparel,E4VJBP5P,PROD4870,2023-08-16,2,413.91,Nebraska,2023-08,2023
Adidas,Gazelle,Accessories,035ZH14H,PROD2397,2023-07-01,3,303.74,Kansas,2023-07,2023
Nike,Metcon 7,Apparel,C0YP478H,PROD3661,2023-10-27,1,67.89,California,2023-10,2023
Under Armour,UA RUSH,Accessories,IS9GV7CO,PROD6474,2023-01-10,4,648.05,Oregon,2023-01,2023
Nike,Metcon 7,Equipment,SGKR18ZR,PROD8640,2023-04-11,4,463.97,West Virginia,2023-04,2023
Under Armour,UA RUSH,Equipment,GAZPKZYE,PROD6891,2023-11-23,4,961.58,Idaho,2023-11,2023
Under Armour,Charged Assert 9,Apparel,EKT9XNUX,PROD8902,2023-02-12,4,437.98,Oklahoma,2023-02,2023
Adidas,Gazelle,Accessories,NNHWRBCF,PROD2511,2023-03-04,4,667.35,New York,2023-03,2023
Under Armour,HOVR Phantom 2,Footwear,IRW2388D,PROD3853,2023-10-26,3,489.9,Ohio,2023-10,2023
Adidas,NMD_R1,Apparel,VJ6ZYYPO,PROD4491,2023-03-18,4,405.72,Tennessee,2023-03,2023
Nike,Pegasus 39,Footwear,TZXSOAST,PROD8061,2023-12-10,4,905.24,Vermont,2023-12,2023
Under Armour,Charged Assert 9,Equipment,5REE5QYM,PROD5942,2023-11-24,1,277.4,Texas,2023-11,2023
Under Armour,Project Rock,Footwear,NZFS2L0E,PROD5563,2023-09-18,1,127.56,Tennessee,2023-09,2023
Puma,Cali Star Metallic,Apparel,7RGTGJ1T,PROD2891,2023-01-11,5,1202.09,Iowa,2023-01,2023
Under Armour,UA RUSH,Footwear,NDPH0R2O,PROD8871,2023-05-23,4,947.23,Virginia,2023-05,2023
Under Armour,UA RUSH,Footwear,JQRXGMBV,PROD6046,2023-09-21,2,242.26,Florida,2023-09,2023
Adidas,Ultraboost 21,Apparel,QQH1EHPP,PROD5417,2023-05-08,3,818.5,New Hampshire,2023-05,2023
Under Armour,Project Rock,Apparel,JBY1E4IH,PROD8128,2023-07-20,3,798.23,Nevada,2023-07,2023
Puma,Suede Classic,Apparel,CLKXFB17,PROD4430,2023-12-16,5,989.84,West Virginia,2023-12,2023
Nike,ZoomX Vaporfly,Footwear,AOLQMRLW,PROD6000,2023-08-02,3,466.46,Indiana,2023-08,2023
Under Armour,HOVR Phantom 2,Equipment,DSZG97O4,PROD8083,2023-02-01,5,867.87,Montana,2023-02,2023
Puma,RS-X³ Puzzle,Accessories,H4VB2T6H,PROD7773,2023-01-13,2,194.7,New Jersey,2023-01,2023
Adidas,Ultraboost 21,Apparel,231JZYM9,PROD4210,2023-04-23,4,971.3,South Carolina,2023-04,2023
Adidas,NMD_R1,Accessories,04G0D65I,PROD4031,2023-04-04,2,433.79,Kentucky,2023-04,2023
Under Armour,Charged Assert 9,Footwear,GRDC70W4,PROD7022,2023-01-02,5,311.5,New Hampshire,2023-01,2023
Puma,Cali Star Metallic,Footwear,QHMOUFMX,PROD2281,2023-02-20,1,162.31,Georgia,2023-02,2023
Adidas,Superstar,Apparel,NZSNQLF3,PROD9948,2023-11-04,4,350.34,Louisiana,2023-11,2023
Under Armour,UA RUSH,Apparel,ITKAPDA6,PROD1358,2023-01-21,1,121.99,New Mexico,2023-01,2023
Nike,Metcon 7,Apparel,DWL3YTQF,PROD8536,2023-11-18,4,249.07,Idaho,2023-11,2023
Nike,Air Max 270,Footwear,OVR1T3H6,PROD5924,2023-05-19,3,569.68,Connecticut,2023-05,2023
Nike,Pegasus 39,Equipment,1MPDRPGQ,PROD5322,2023-09-03,3,657.27,Iowa,2023-09,2023
Under Armour,UA RUSH,Apparel,XNMXNLLQ,PROD9369,2023-08-12,5,1388.01,Michigan,2023-08,2023
Puma,Ignite Flash,Apparel,11RYCFI4,PROD6201,2023-04-11,4,819.92,West Virginia,2023-04,2023
Nike,Air Max 270,Equipment,0GM5TCTS,PROD7131,2023-01-11,5,269.79,Connecticut,2023-01,2023
Under Armour,Charged Assert 9,Footwear,G51YMVWT,PROD3322,2023-01-23,5,1254.89,Arkansas,2023-01,2023
Puma,Suede Classic,Footwear,PT2PC0MU,PROD8673,2023-08-27,2,119.62,West Virginia,2023-08,2023
Puma,Cali Star Metallic,Footwear,7BAZFSUS,PROD9516,2023-07-25,5,765.56,Montana,2023-07,2023
Adidas,Superstar,Apparel,JGZ8UG5J,PROD4936,2023-11-15,4,994.3,Nevada,2023-11,2023
Under Armour,HOVR Phantom 2,Apparel,4B9X9ONW,PROD4781,2023-12-15,3,497.0,Oklahoma,2023-12,2023
Under Armour,UA RUSH,Accessories,9M1PYL3E,PROD1688,2023-04-12,4,769.79,Minnesota,2023-04,2023
Under Armour,UA RUSH,Equipment,0ERTG732,PROD9572,2023-11-22,2,494.94,North Carolina,2023-11,2023
Puma,Ignite Flash,Footwear,5OH0199T,PROD1846,2023-05-19,3,287.99,Oklahoma,2023-05,2023
Puma,Ignite Flash,Equipment,Q4J0K0PI,PROD5284,2023-01-08,4,687.26,Idaho,2023-01,2023
Adidas,Ultraboost 21,Footwear,YPQ5GNYP,PROD1131,2023-04-02,1,241.53,California,2023-04,2023
Nike,Air Max 270,Apparel,92TY1B2J,PROD1960,2023-03-16,1,180.69,Indiana,2023-03,2023
Adidas,NMD_R1,Accessories,20CIFZMT,PROD7394,2023-04-02,1,201.65,Connecticut,2023-04,2023
Nike,ZoomX Vaporfly,Equipment,8E33AFAI,PROD6737,2023-02-02,4,492.57,Kentucky,2023-02,2023
Puma,Suede Classic,Footwear,C0ZFBE6G,PROD6956,2023-06-13,3,359.71,North Dakota,2023-06,2023
Under Armour,Project Rock,Footwear,R1U0QOSH,PROD3840,2023-05-08,5,338.59,Rhode Island,2023-05,2023
Puma,Suede Classic,Footwear,6PF2POQ1,PROD2814,2023-09-17,1,259.35,Tennessee,2023-09,2023
Nike,Air Max 270,Accessories,8PR0VDXN,PROD7975,2023-10-08,2,210.6,Rhode Island,2023-10,2023
Adidas,NMD_R1,Accessories,BILFVLP7,PROD8807,2023-04-08,2,290.36,Minnesota,2023-04,2023
Nike,Pegasus 39,Apparel,RHVPPNY0,PROD3657,2023-10-18,2,344.24,Delaware,2023-10,2023
Puma,RS-X³ Puzzle,Apparel,OB2YGP5K,PROD4472,2023-09-10,2,560.31,Arkansas,2023-09,2023
Nike,Air Max 270,Equipment,TKQV15K6,PROD5321,2023-12-07,5,821.8,Michigan,2023-12,2023
Under Armour,Charged Assert 9,Accessories,UBVXXKVT,PROD7869,2023-06-10,4,1069.85,Texas,2023-06,2023
Adidas,NMD_R1,Footwear,S7TZVPQY,PROD9883,2023-05-26,2,203.04,Alabama,2023-05,2023
Adidas,Ultraboost 21,Footwear,4NCE3V4A,PROD6356,2023-02-22,4,699.36,Michigan,2023-02,2023
Under Armour,HOVR Phantom 2,Footwear,BLJ1LWXZ,PROD3007,2023-11-22,1,74.9,Tennessee,2023-11,2023
Nike,Air Max 270,Equipment,7RNLHUBV,PROD4239,2023-05-20,2,400.03,Kansas,2023-05,2023
Puma,Cali Star Metallic,Apparel,3HLYYHKN,PROD7829,2023-05-15,4,414.89,Massachusetts,2023-05,2023
Puma,Ignite Flash,Equipment,M6P3BVOK,PROD6090,2023-08-21,5,1323.57,Pennsylvania,2023-08,2023
Under Armour,Project Rock,Equipment,BPXWW3CU,PROD4187,2023-12-10,1,249.96,Michigan,2023-12,2023
Nike,ZoomX Vaporfly,Footwear,GUKGRFU2,PROD9814,2023-03-24,5,487.14,California,2023-03,2023
Nike,Air Max 270,Equipment,FO7Q7SSC,PROD3501,2023-03-03,5,612.55,Washington,2023-03,2023
Adidas,NMD_R1,Equipment,0LU9NOYQ,PROD7758,2023-02-08,2,447.74,South Dakota,2023-02,2023
Nike,Metcon 7,Accessories,6IQ3D7TA,PROD3652,2023-10-20,2,471.39,North Carolina,2023-10,2023
Adidas,NMD_R1,Equipment,T85DR4QV,PROD1880,2023-04-03,4,851.33,Nebraska,2023-04,2023
Adidas,NMD_R1,Footwear,2BB89UPT,PROD9979,2023-06-11,3,507.51,Idaho,2023-06,2023
Nike,Metcon 7,Accessories,ENQOT9O4,PROD9946,2023-03-11,5,1273.12,Maine,2023-03,2023
Nike,ZoomX Vaporfly,Apparel,14WQVHT5,PROD3263,2023-08-26,5,1055.6,New Jersey,2023-08,2023
Adidas,Ultraboost 21,Accessories,M34GJ46M,PROD4401,2023-08-14,3,609.56,Kentucky,2023-08,2023
Under Armour,Charged Assert 9,Accessories,2UYRCIIV,PROD3630,2023-09-23,4,261.41,Mississippi,2023-09,2023
Puma,RS-X³ Puzzle,Accessories,DNHMEI4L,PROD4941,2023-10-09,5,1274.67,Vermont,2023-10,2023
Nike,Air Max 270,Apparel,O6GG5HRN,PROD8137,2023-12-08,3,447.85,Wyoming,2023-12,2023
Under Armour,HOVR Phantom 2,Footwear,DVIBYH68,PROD2740,2023-11-08,3,364.21,Vermont,2023-11,2023
Adidas,NMD_R1,Footwear,4OWLR7IP,PROD5617,2023-02-13,4,529.23,Mississippi,2023-02,2023
Adidas,Gazelle,Equipment,WMFGRHQE,PROD8070,2023-03-18,5,1262.9,Ohio,2023-03,2023
Puma,Ignite Flash,Apparel,QVYYJ3HC,PROD2017,2023-02-04,1,263.88,Maine,2023-02,2023
Puma,Cali Star Metallic,Footwear,KN98Q8DO,PROD4073,2023-09-25,5,515.25,Maryland,2023-09,2023
Nike,Pegasus 39,Footwear,NW6K8G2Y,PROD6258,2023-12-11,4,1154.33,New Jersey,2023-12,2023
Under Armour,HOVR Phantom 2,Apparel,TJDSLTIH,PROD6235,2023-09-18,2,363.51,New Hampshire,2023-09,2023
Nike,Metcon 7,Accessories,CHEU6CKY,PROD4965,2023-09-14,5,931.12,Connecticut,2023-09,2023
Adidas,NMD_R1,Footwear,2S88SHPP,PROD3416,2023-09-04,4,427.91,Colorado,2023-09,2023
Under Armour,UA RUSH,Equipment,21YCM9IN,PROD2915,2023-09-24,1,53.91,Colorado,2023-09,2023
Under Armour,HOVR Phantom 2,Apparel,S5Y2WRCC,PROD3702,2023-09-16,3,584.98,Missouri,2023-09,2023
Nike,Air Max 270,Apparel,5GJM4D0X,PROD7696,2023-10-28,4,358.62,New Jersey,2023-10,2023
Nike,ZoomX Vaporfly,Equipment,QAXZQZWE,PROD6916,2023-04-17,1,132.55,California,2023-04,2023
Under Armour,Project Rock,Footwear,ZZHS9KX8,PROD2199,2023-05-07,1,85.76,Rhode Island,2023-05,2023
Under Armour,Charged Assert 9,Footwear,BV6GGP3Y,PROD9095,2023-10-03,4,755.29,Connecticut,2023-10,2023
Puma,RS-X³ Puzzle,Footwear,N3XFX2PX,PROD5646,2023-11-23,4,1140.99,Texas,2023-11,2023
Adidas,NMD_R1,Apparel,7HJ1NEIT,PROD9942,2023-03-25,5,834.24,Vermont,2023-03,2023
Adidas,Superstar,Equipment,WPKD8ANN,PROD6323,2023-11-16,4,1009.51,Indiana,2023-11,2023
Adidas,Ultraboost 21,Apparel,VALD8HRD,PROD6099,2023-12-02,3,506.05,Connecticut,2023-12,2023
Nike,Pegasus 39,Equipment,BSEEBP03,PROD1716,2023-06-19,4,864.69,New Hampshire,2023-06,2023
Adidas,NMD_R1,Footwear,XOAR4NDR,PROD3756,2023-03-17,4,543.65,Texas,2023-03,2023
Adidas,Superstar,Footwear,WJCGAONG,PROD4328,2023-10-22,5,1447.77,Ohio,2023-10,2023
Nike,Pegasus 39,Apparel,6PPRTB5P,PROD7970,2023-09-02,3,572.04,South Dakota,2023-09,2023
Nike,ZoomX Vaporfly,Equipment,ETVK0ZQG,PROD3518,2023-09-25,3,792.94,Montana,2023-09,2023
Puma,Cali Star Metallic,Apparel,P9ZVYQSY,PROD2507,2023-05-17,1,150.4,Washington,2023-05,2023
Adidas,Gazelle,Apparel,N1O3BSNH,PROD1400,2023-08-19,5,1258.43,Utah,2023-08,2023
Adidas,Ultraboost 21,Equipment,SO3NX3SH,PROD2780,2023-07-25,3,231.87,Pennsylvania,2023-07,2023
Puma,Cali Star Metallic,Footwear,BD9CUHVB,PROD1011,2023-06-27,2,382.34,Connecticut,2023-06,2023
Puma,Cali Star Metallic,Apparel,7HFAD6HI,PROD7266,2023-10-10,1,246.93,Montana,2023-10,2023
Adidas,NMD_R1,Footwear,NUUKCF76,PROD9703,2023-11-04,2,581.83,New Mexico,2023-11,2023
Puma,Suede Classic,Equipment,5EC50COT,PROD4564,2023-05-14,1,121.12,Vermont,2023-05,2023
Adidas,Ultraboost 21,Apparel,FR0RERZ0,PROD2918,2023-04-08,2,318.15,Texas,2023-04,2023
Nike,Air Max 270,Equipment,E21HCZQG,PROD9241,2023-06-07,4,1132.52,Idaho,2023-06,2023
Adidas,Superstar,Accessories,3HTKKWI5,PROD9553,2023-12-18,1,149.42,Virginia,2023-12,2023
Puma,Cali Star Metallic,Apparel,ZA4JPG5D,PROD2439,2023-10-25,4,421.19,Illinois,2023-10,2023
Adidas,NMD_R1,Apparel,BFBF51QL,PROD6877,2023-03-04,1,243.33,Connecticut,2023-03,2023
Adidas,Ultraboost 21,Apparel,X03Y2Q9K,PROD6365,2023-05-24,1,96.92,New Mexico,2023-05,2023
Nike,ZoomX Vaporfly,Apparel,MO1A5IWS,PROD1865,2023-08-28,3,549.34,Tennessee,2023-08,2023
Adidas,Gazelle,Apparel,F6MME3P6,PROD3271,2023-11-10,4,235.84,Nebraska,2023-11,2023
Nike,Air Max 270,Equipment,GFGTYH17,PROD3317,2023-01-13,2,281.04,New Mexico,2023-01,2023
Under Armour,Project Rock,Accessories,JWIU9DSO,PROD5215,2023-11-15,4,961.99,Connecticut,2023-11,2023
Nike,ZoomX Vaporfly,Apparel,KPIQ7UHN,PROD2616,2023-02-22,5,1378.55,Missouri,2023-02,2023
Under Armour,UA RUSH,Apparel,0WA4ASRV,PROD3194,2023-11-14,3,725.35,Missouri,2023-11,2023
Adidas,Superstar,Equipment,RMX3CMOE,PROD2946,2023-08-07,1,101.44,Arkansas,2023-08,2023
Nike,Pegasus 39,Footwear,MPVL8WHL,PROD4774,2023-06-15,1,263.31,North Carolina,2023-06,2023
Adidas,Superstar,Equipment,WEKWJAFV,PROD1959,2023-12-10,2,582.5,New York,2023-12,2023
Nike,Pegasus 39,Apparel,GRIVKAJX,PROD8025,2023-09-28,4,965.5,West Virginia,2023-09,2023
Under Armour,HOVR Phantom 2,Footwear,J0T237BA,PROD9051,2023-05-28,2,326.5,Utah,2023-05,2023
Nike,Pegasus 39,Footwear,2RCTZRYM,PROD4763,2023-10-19,1,229.32,Maryland,2023-10,2023
Adidas,Ultraboost 21,Equipment,LM4UG9GE,PROD9491,2023-09-05,5,296.27,Connecticut,2023-09,2023
Under Armour,Charged Assert 9,Apparel,PMO99FB4,PROD8750,2023-09-23,4,794.42,Iowa,2023-09,2023
Under Armour,Charged Assert 9,Equipment,ZTVH42Q1,PROD7641,2023-05-22,1,163.18,New Hampshire,2023-05,2023
Puma,Cali Star Metallic,Footwear,0H0WTEKB,PROD6572,2023-06-12,1,180.47,New Hampshire,2023-06,2023
Adidas,NMD_R1,Accessories,3WTXPEJ0,PROD8234,2023-08-11,1,209.85,Maryland,2023-08,2023
Nike,Pegasus 39,Accessories,HKYIYPZJ,PROD8635,2023-12-09,3,837.59,Minnesota,2023-12,2023
Nike,Pegasus 39,Apparel,R0NF3RK9,PROD2961,2023-12-04,1,229.57,New Hampshire,2023-12,2023
Adidas,Gazelle,Footwear,X2OI2J18,PROD8260,2023-08-24,1,76.87,Illinois,2023-08,2023
Nike,Metcon 7,Accessories,KQMN8OWT,PROD7714,2023-06-15,4,476.74,North Carolina,2023-06,2023
Under Armour,HOVR Phantom 2,Accessories,WSFXM0UA,PROD9136,2023-07-25,5,938.95,Iowa,2023-07,2023
Puma,Suede Classic,Accessories,QS8VS1AY,PROD5415,2023-09-19,5,495.85,West Virginia,2023-09,2023
Nike,Metcon 7,Apparel,MFXW1KNN,PROD4461,2023-11-12,4,574.25,Nevada,2023-11,2023
Under Armour,HOVR Phantom 2,Apparel,1WWVSE1Z,PROD8014,2023-06-08,4,432.99,Pennsylvania,2023-06,2023
Puma,Suede Classic,Apparel,3YF83SYH,PROD5092,2023-03-27,1,260.12,New York,2023-03,2023
Puma,Ignite Flash,Accessories,I4DTPKB1,PROD9550,2023-05-16,1,190.42,Iowa,2023-05,2023
Under Armour,Charged Assert 9,Accessories,AVJD9LHJ,PROD3820,2023-07-12,2,174.74,Tennessee,2023-07,2023
Nike,Air Max 270,Apparel,DY7N9Y5P,PROD8108,2023-03-17,2,103.79,Ohio,2023-03,2023
Adidas,NMD_R1,Accessories,FG17SU8N,PROD4372,2023-04-09,4,683.89,Wisconsin,2023-04,2023
Under Armour,UA RUSH,Equipment,Z3LE9XNV,PROD4570,2023-07-22,5,1168.31,Louisiana,2023-07,2023
Under Armour,Project Rock,Equipment,CWBAZ53J,PROD1432,2023-06-10,1,150.36,Connecticut,2023-06,2023
Adidas,Gazelle,Footwear,C5YR8U5L,PROD9077,2023-04-23,1,229.4,Ohio,2023-04,2023
Adidas,Superstar,Footwear,ZGURCCSM,PROD7193,2023-06-18,3,453.37,Louisiana,2023-06,2023
Adidas,Superstar,Accessories,YNXGRRY1,PROD8466,2023-04-09,1,88.44,Rhode Island,2023-04,2023
Under Armour,HOVR Phantom 2,Equipment,Z35Z4HB3,PROD2793,2023-05-21,5,1069.76,Montana,2023-05,2023
Nike,Pegasus 39,Apparel,VQR4FF1G,PROD6658,2023-01-05,4,261.14,Maryland,2023-01,2023
Puma,RS-X³ Puzzle,Equipment,ONXSCBD1,PROD2143,2023-04-03,1,146.45,Texas,2023-04,2023
Under Armour,HOVR Phantom 2,Accessories,MQE56OEL,PROD1865,2023-03-16,1,119.39,Virginia,2023-03,2023
Puma,Ignite Flash,Accessories,Z7NR9ESJ,PROD9402,2023-09-18,4,504.56,Georgia,2023-09,2023
Puma,Suede Classic,Apparel,3WC209E1,PROD5857,2023-08-17,2,315.39,Idaho,2023-08,2023
Under Armour,HOVR Phantom 2,Footwear,AHMCRHFE,PROD7847,2023-06-01,3,301.95,California,2023-06,2023
Nike,Metcon 7,Footwear,FGXTKHA5,PROD1304,2023-08-16,2,402.55,New Mexico,2023-08,2023
Adidas,Ultraboost 21,Equipment,1RM0X3WY,PROD7420,2023-09-03,1,248.58,Kentucky,2023-09,2023
Adidas,Gazelle,Accessories,WLHK34CU,PROD6897,2023-03-18,2,477.99,New Hampshire,2023-03,2023
Puma,Suede Classic,Equipment,8KCVYK2S,PROD6220,2023-06-17,1,58.52,Nevada,2023-06,2023
Under Armour,HOVR Phantom 2,Footwear,44OAOP4I,PROD7319,2023-03-28,3,817.6,Kansas,2023-03,2023
Under Armour,UA RUSH,Apparel,9V6CPYTN,PROD5309,2023-06-19,5,456.54,West Virginia,2023-06,2023
Under Armour,HOVR Phantom 2,Apparel,XDNRLNQ1,PROD3863,2023-10-01,2,523.2,Florida,2023-10,2023
Puma,RS-X³ Puzzle,Footwear,2TKPWFWX,PROD1278,2023-10-07,1,100.53,Delaware,2023-10,2023
Nike,Pegasus 39,Apparel,N6D999L7,PROD4671,2023-05-28,3,830.01,Indiana,2023-05,2023
Nike,Metcon 7,Footwear,ARXVO6JW,PROD6042,2023-04-28,3,555.46,Pennsylvania,2023-04,2023
Under Armour,Project Rock,Apparel,1IPFTPL0,PROD4092,2023-05-15,1,154.52,South Dakota,2023-05,2023
Puma,Ignite Flash,Apparel,OX17459H,PROD8268,2023-08-11,2,541.14,North Dakota,2023-08,2023
Under Armour,Project Rock,Equipment,ZUB9F079,PROD2574,2023-01-18,3,724.94,Utah,2023-01,2023
Adidas,Gazelle,Accessories,IL9YXCMZ,PROD2157,2023-11-10,1,193.19,Idaho,2023-11,2023
Under Armour,Charged Assert 9,Apparel,3D31OYCO,PROD1951,2023-04-02,4,915.94,Utah,2023-04,2023
Puma,Suede Classic,Equipment,N683WMHH,PROD9953,2023-10-10,5,1488.08,South Dakota,2023-10,2023
Under Armour,UA RUSH,Footwear,762SA51Y,PROD9355,2023-05-11,2,185.27,Pennsylvania,2023-05,2023
Adidas,Ultraboost 21,Equipment,9WW5O2XE,PROD9547,2023-01-02,2,141.94,Maryland,2023-01,2023
Nike,Air Max 270,Equipment,J39TGDVE,PROD2676,2023-05-12,3,328.16,Vermont,2023-05,2023
Under Armour,UA RUSH,Equipment,ER7TENIR,PROD2146,2023-08-21,2,169.01,North Dakota,2023-08,2023
Under Armour,Project Rock,Equipment,DRCHFSZX,PROD2967,2023-05-14,3,767.58,Arizona,2023-05,2023
Puma,Ignite Flash,Equipment,F656XFH2,PROD1522,2023-01-11,2,577.75,Indiana,2023-01,2023
Nike,ZoomX Vaporfly,Footwear,ZSIOABMD,PROD7185,2023-07-03,1,59.94,Rhode Island,2023-07,2023
Adidas,Gazelle,Apparel,9ZR5KZZI,PROD8517,2023-08-07,5,784.43,New York,2023-08,2023
Nike,Metcon 7,Footwear,34774X28,PROD8086,2023-07-18,5,1009.99,New Mexico,2023-07,2023
Puma,Suede Classic,Apparel,E4HZS8TM,PROD6426,2023-06-21,1,285.44,Ohio,2023-06,2023
Puma,RS-X³ Puzzle,Accessories,CCWOKAFI,PROD8327,2023-02-03,5,878.71,Minnesota,2023-02,2023
Nike,Pegasus 39,Apparel,0NK2028P,PROD6350,2023-08-09,1,195.4,Delaware,2023-08,2023
Puma,RS-X³ Puzzle,Equipment,SR9IH574,PROD6117,2023-05-22,4,216.74,Wisconsin,2023-05,2023
Puma,Cali Star Metallic,Accessories,53IVWTRI,PROD8181,2023-01-27,2,477.35,Wisconsin,2023-01,2023
Nike,Pegasus 39,Accessories,1XTJNCPM,PROD4569,2023-05-03,3,297.56,Arkansas,2023-05,2023
Under Armour,Project Rock,Apparel,8CCSLY96,PROD2827,2023-12-15,3,216.25,Mississippi,2023-12,2023
Puma,Cali Star Metallic,Equipment,HIEOR3MW,PROD3736,2023-11-27,1,289.63,New York,2023-11,2023
Adidas,Superstar,Equipment,JLQCGFAK,PROD9725,2023-06-18,5,1447.73,Rhode Island,2023-06,2023
Adidas,NMD_R1,Equipment,7TK3Z2AH,PROD7175,2023-04-12,2,504.68,Mississippi,2023-04,2023
Puma,RS-X³ Puzzle,Accessories,O01TXL9X,PROD8181,2023-06-09,5,368.37,New York,2023-06,2023
Puma,Suede Classic,Accessories,SI3G4HMI,PROD1063,2023-01-05,1,138.09,North Carolina,2023-01,2023
Adidas,Ultraboost 21,Equipment,FBSU5Z2O,PROD8365,2023-10-15,1,87.51,Kansas,2023-10,2023
Nike,ZoomX Vaporfly,Footwear,6SCDYYJM,PROD2365,2023-01-17,3,812.8,Illinois,2023-01,2023
Under Armour,UA RUSH,Apparel,Z40NH3N8,PROD1214,2023-07-13,1,217.71,Louisiana,2023-07,2023
Under Armour,Project Rock,Accessories,I7ULD0ZF,PROD7539,2023-09-14,3,702.28,New York,2023-09,2023
Adidas,Ultraboost 21,Footwear,HRGN5MLE,PROD8387,2023-05-12,2,167.93,New York,2023-05,2023
Nike,Air Max 270,Accessories,O8K5PFV2,PROD7596,2023-12-07,2,456.3,Texas,2023-12,2023
Nike,Air Max 270,Accessories,XUCE0NFM,PROD2567,2023-11-27,1,101.39,Idaho,2023-11,2023
Under Armour,Project Rock,Equipment,F0GPBH69,PROD1832,2023-04-14,4,1146.69,Maine,2023-04,2023
Puma,RS-X³ Puzzle,Footwear,FGWG5WOE,PROD9286,2023-08-12,2,184.24,Maine,2023-08,2023
Nike,Pegasus 39,Accessories,FWJIIIE1,PROD8515,2023-09-16,4,542.35,Ohio,2023-09,2023
Puma,Cali Star Metallic,Footwear,321U42U5,PROD3328,2023-06-04,5,1439.92,Kentucky,2023-06,2023
Under Armour,Charged Assert 9,Footwear,BEZZI90M,PROD7661,2023-08-24,4,1161.3,Wyoming,2023-08,2023
Adidas,Ultraboost 21,Footwear,6C4RVSXO,PROD7820,2023-10-23,3,177.65,Missouri,2023-10,2023
Adidas,Superstar,Accessories,IUNBEDCU,PROD2337,2023-08-27,5,1002.94,Rhode Island,2023-08,2023
Puma,RS-X³ Puzzle,Footwear,FQA3U2TR,PROD8647,2023-01-27,1,229.86,West Virginia,2023-01,2023
Puma,Suede Classic,Equipment,KSD80GOU,PROD1874,2023-03-11,4,622.74,Washington,2023-03,2023
Adidas,Ultraboost 21,Equipment,G6XXFSUQ,PROD4777,2023-08-07,1,299.55,Vermont,2023-08,2023
Nike,ZoomX Vaporfly,Accessories,Y577JERU,PROD7389,2023-01-26,2,156.98,California,2023-01,2023
Adidas,Ultraboost 21,Equipment,2T9QRHLW,PROD2093,2023-07-13,2,440.92,Mississippi,2023-07,2023
Nike,Metcon 7,Footwear,BTLBDP5I,PROD8683,2023-06-01,4,352.64,New Mexico,2023-06,2023
Adidas,Ultraboost 21,Apparel,JAUXR5V6,PROD6969,2023-01-18,2,510.44,New Jersey,2023-01,2023
Puma,Suede Classic,Equipment,UGT6AY8O,PROD4534,2023-01-01,3,348.16,Michigan,2023-01,2023
Adidas,Ultraboost 21,Equipment,RPG16O98,PROD7151,2023-06-13,2,221.51,Montana,2023-06,2023
Adidas,Gazelle,Footwear,IL45U9IU,PROD5534,2023-07-24,4,512.51,Pennsylvania,2023-07,2023
Adidas,Gazelle,Apparel,5ZZ556WS,PROD5404,2023-01-22,2,597.32,Nebraska,2023-01,2023
Adidas,NMD_R1,Equipment,D2VVT8W0,PROD8177,2023-03-07,5,447.44,Wyoming,2023-03,2023
Adidas,Gazelle,Equipment,XLJ6DWTQ,PROD1384,2023-09-19,1,141.07,Tennessee,2023-09,2023
Puma,Cali Star Metallic,Accessories,RY88H9HK,PROD7501,2023-10-07,5,819.36,Virginia,2023-10,2023
Nike,ZoomX Vaporfly,Apparel,7KAYY1JN,PROD5429,2023-07-22,1,167.06,Louisiana,2023-07,2023
Under Armour,UA RUSH,Footwear,ZQ73NEMO,PROD1545,2023-10-11,3,186.3,Mississippi,2023-10,2023
Adidas,Ultraboost 21,Footwear,IS9K6NRW,PROD4242,2023-02-10,3,652.54,Tennessee,2023-02,2023
Adidas,Superstar,Footwear,5RAI6H8R,PROD9563,2023-12-21,4,373.82,Arkansas,2023-12,2023
Adidas,NMD_R1,Apparel,V3JSPI2K,PROD3347,2023-10-13,5,1205.67,Arkansas,2023-10,2023
Adidas,Gazelle,Footwear,UB3YX11V,PROD5735,2023-07-19,4,358.98,Vermont,2023-07,2023
Under Armour,HOVR Phantom 2,Equipment,EEP60XBW,PROD1677,2023-04-16,5,1078.15,Illinois,2023-04,2023
Nike,Metcon 7,Footwear,6AJ24X3H,PROD2854,2023-02-23,5,257.23,Arkansas,2023-02,2023
Adidas,Gazelle,Accessories,GUU2CTL8,PROD6753,2023-04-08,1,119.17,Michigan,2023-04,2023
Nike,Air Max 270,Accessories,G64DRQB4,PROD9379,2023-06-28,4,695.44,Arizona,2023-06,2023
Puma,Cali Star Metallic,Apparel,VBXXJVXB,PROD8468,2023-10-28,5,677.32,California,2023-10,2023
Adidas,Ultraboost 21,Accessories,KDYD2AQO,PROD8938,2023-07-13,3,204.98,New Hampshire,2023-07,2023
Adidas,Superstar,Accessories,59P2KD1F,PROD4599,2023-07-14,1,251.37,Oklahoma,2023-07,2023
Puma,RS-X³ Puzzle,Apparel,END5SPQI,PROD1984,2023-02-25,2,111.61,Delaware,2023-02,2023
Adidas,Superstar,Equipment,ZJLIRJCE,PROD6560,2023-08-04,1,172.16,New Jersey,2023-08,2023
Puma,Cali Star Metallic,Equipment,GRYYDFOI,PROD4621,2023-09-18,5,431.52,Rhode Island,2023-09,2023
Adidas,Superstar,Footwear,VAXHGO7T,PROD1362,2023-09-11,4,455.51,Nevada,2023-09,2023
Under Armour,HOVR Phantom 2,Accessories,FO0DLBI9,PROD1687,2023-04-05,5,1229.78,New Jersey,2023-04,2023
Nike,Pegasus 39,Equipment,97P5QFU9,PROD4341,2023-05-01,1,280.75,New Jersey,2023-05,2023
Adidas,NMD_R1,Apparel,RH5JWCM6,PROD8604,2023-05-21,2,184.82,Louisiana,2023-05,2023
Adidas,Superstar,Footwear,0KNGRM5T,PROD9083,2023-09-22,3,362.72,Oklahoma,2023-09,2023
Nike,ZoomX Vaporfly,Accessories,5MI4NR6J,PROD4706,2023-09-25,5,1282.37,Maine,2023-09,2023
Under Armour,Project Rock,Footwear,9TK6096Y,PROD4688,2023-01-21,4,960.94,California,2023-01,2023
Adidas,NMD_R1,Equipment,YW02R49C,PROD8182,2023-11-17,5,788.77,Kansas,2023-11,2023
Adidas,Superstar,Footwear,YG72WBWA,PROD6266,2023-05-28,4,336.18,Maryland,2023-05,2023
Puma,Ignite Flash,Equipment,HPVET82N,PROD2788,2023-12-21,4,374.33,Wyoming,2023-12,2023
Puma,Suede Classic,Equipment,2C8F6GKN,PROD2585,2023-01-15,2,291.54,Montana,2023-01,2023
Nike,Air Max 270,Apparel,2Q8UACNK,PROD2282,2023-03-14,3,777.37,Maine,2023-03,2023
Adidas,Ultraboost 21,Equipment,BTOKQCPD,PROD5090,2023-10-01,3,294.55,Wyoming,2023-10,2023
Nike,ZoomX Vaporfly,Accessories,9DU3IU7F,PROD7418,2023-02-13,3,625.67,Tennessee,2023-02,2023
Puma,RS-X³ Puzzle,Apparel,RTHOF6CL,PROD8321,2023-11-06,1,213.48,Nebraska,2023-11,2023
Adidas,Ultraboost 21,Equipment,8A58CKG2,PROD9626,2023-04-09,3,688.7,New York,2023-04,2023
Under Armour,Charged Assert 9,Footwear,2H7WAM5W,PROD3215,2023-09-06,2,200.19,Oregon,2023-09,2023
Adidas,Ultraboost 21,Equipment,49U7Z103,PROD6914,2023-12-15,4,385.89,Michigan,2023-12,2023
Nike,Air Max 270,Footwear,O8HH5KRO,PROD8371,2023-08-21,1,51.53,Kansas,2023-08,2023
Under Armour,HOVR Phantom 2,Footwear,JW7F2FSY,PROD8574,2023-04-09,3,356.79,Illinois,2023-04,2023
Puma,Suede Classic,Apparel,ONT200P6,PROD1289,2023-12-02,2,106.5,Texas,2023-12,2023
Under Armour,Project Rock,Apparel,2QSZUY4V,PROD2026,2023-05-03,2,554.98,Kansas,2023-05,2023
Adidas,Superstar,Footwear,MQ8NYNAE,PROD1844,2023-08-26,3,693.32,New Mexico,2023-08,2023
Adidas,NMD_R1,Apparel,DVQLKAO6,PROD3366,2023-04-27,2,229.64,Connecticut,2023-04,2023
Nike,Metcon 7,Apparel,ANVS53TF,PROD3013,2023-12-28,5,1305.26,Nevada,2023-12,2023
Puma,Suede Classic,Equipment,JDU1P7US,PROD7476,2023-07-28,1,208.27,South Carolina,2023-07,2023
Adidas,Gazelle,Equipment,ZID0BZ80,PROD2969,2023-01-28,5,791.86,Colorado,2023-01,2023
Nike,Air Max 270,Footwear,QW9EXT0A,PROD8280,2023-05-27,2,369.7,Minnesota,2023-05,2023
Adidas,NMD_R1,Apparel,00ZI2OPK,PROD1496,2023-10-21,3,680.23,Vermont,2023-10,2023
Adidas,Gazelle,Equipment,C2KACRVY,PROD9254,2023-07-12,2,506.04,New Mexico,2023-07,2023
Puma,RS-X³ Puzzle,Apparel,AV54247W,PROD2858,2023-06-13,4,466.23,Connecticut,2023-06,2023
Puma,Suede Classic,Accessories,3BBNIZ4V,PROD5289,2023-02-07,4,992.06,New Jersey,2023-02,2023
Under Armour,HOVR Phantom 2,Accessories,HMS21BRR,PROD4066,2023-12-17,3,764.5,California,2023-12,2023
Adidas,Gazelle,Footwear,GWJ9H6HL,PROD5743,2023-07-23,1,184.35,Utah,2023-07,2023
Nike,Air Max 270,Accessories,64ULP2NV,PROD6378,2023-11-08,4,404.81,Maine,2023-11,2023
Nike,Air Max 270,Equipment,F2RJSN43,PROD1014,2023-02-10,3,645.29,Minnesota,2023-02,2023
Puma,Cali Star Metallic,Apparel,6UW18L6O,PROD8594,2023-11-26,3,683.1,Idaho,2023-11,2023
Adidas,Ultraboost 21,Accessories,QXPRT2B9,PROD2568,2023-08-06,3,375.48,Texas,2023-08,2023
Puma,Ignite Flash,Footwear,VDW9CSME,PROD2497,2023-06-20,2,493.14,New Hampshire,2023-06,2023
Nike,Metcon 7,Footwear,C75Q4NDN,PROD3427,2023-06-09,5,1156.27,Louisiana,2023-06,2023
Adidas,NMD_R1,Accessories,EG402N9B,PROD1507,2023-08-11,5,1136.63,Oregon,2023-08,2023
Adidas,NMD_R1,Accessories,MX4WEOSF,PROD1253,2023-10-01,3,239.33,Idaho,2023-10,2023
Nike,ZoomX Vaporfly,Accessories,56M1RNXT,PROD2633,2023-07-21,5,654.44,Wyoming,2023-07,2023
Puma,Ignite Flash,Equipment,CK6V3AW4,PROD1079,2023-01-23,3,745.98,Arkansas,2023-01,2023
Under Armour,UA RUSH,Accessories,EINP399L,PROD4538,2023-05-13,2,460.4,North Carolina,2023-05,2023
Puma,Ignite Flash,Apparel,9BZYMJAA,PROD7779,2023-01-09,2,541.4,Virginia,2023-01,2023
Nike,Pegasus 39,Accessories,OCOS1UJS,PROD1395,2023-01-08,3,746.65,Massachusetts,2023-01,2023
Nike,Air Max 270,Equipment,965LE86B,PROD6823,2023-12-08,2,402.74,Washington,2023-12,2023
Puma,Suede Classic,Footwear,1L5FE533,PROD8851,2023-10-27,5,1301.38,Connecticut,2023-10,2023
Puma,Suede Classic,Apparel,OODVOZ6P,PROD6977,2023-08-12,3,240.81,Colorado,2023-08,2023
Under Armour,Charged Assert 9,Footwear,PYO60RPB,PROD7564,2023-02-15,2,206.3,Delaware,2023-02,2023
Under Armour,HOVR Phantom 2,Footwear,JJZFEWP3,PROD1147,2023-03-09,4,200.19,Oregon,2023-03,2023
Adidas,Gazelle,Footwear,V5Q41AJO,PROD2073,2023-03-28,3,292.73,West Virginia,2023-03,2023
Under Armour,HOVR Phantom 2,Equipment,NPHX6X4N,PROD5810,2023-03-19,2,440.51,Vermont,2023-03,2023
Adidas,Ultraboost 21,Apparel,BHUSH92N,PROD7672,2023-03-27,4,1058.26,Wisconsin,2023-03,2023
Under Armour,Charged Assert 9,Equipment,EFKPP343,PROD9888,2023-04-11,2,327.75,Maine,2023-04,2023
Adidas,Ultraboost 21,Equipment,4278FOA2,PROD2661,2023-02-15,2,411.41,Colorado,2023-02,2023
Puma,Cali Star Metallic,Accessories,PUJW8N7U,PROD8124,2023-03-20,5,1489.16,Utah,2023-03,2023
Nike,ZoomX Vaporfly,Accessories,1NO0WXN9,PROD4645,2023-07-10,5,349.34,Mississippi,2023-07,2023
Puma,Ignite Flash,Accessories,29KSBHY9,PROD7849,2023-10-07,5,1177.98,Oregon,2023-10,2023
Adidas,Gazelle,Footwear,46YG4DQD,PROD8978,2023-05-02,5,292.42,Nevada,2023-05,2023
Nike,Pegasus 39,Accessories,WMFNGT45,PROD8394,2023-08-21,2,105.8,Utah,2023-08,2023
Nike,Metcon 7,Apparel,VVCQJR5Z,PROD7558,2023-11-08,1,225.01,Utah,2023-11,2023
Puma,RS-X³ Puzzle,Equipment,JN7VXTJE,PROD3773,2023-06-04,3,801.69,South Dakota,2023-06,2023
Under Armour,Project Rock,Accessories,BFHEEFMJ,PROD1354,2023-01-04,1,123.62,Ohio,2023-01,2023
Under Armour,Charged Assert 9,Accessories,G18MW8WD,PROD9756,2023-05-12,3,178.21,Rhode Island,2023-05,2023
Under Armour,UA RUSH,Accessories,JVNWWZU5,PROD4792,2023-01-24,2,399.32,Michigan,2023-01,2023
Nike,Pegasus 39,Equipment,BLMZFFLI,PROD8446,2023-02-18,2,374.0,Mississippi,2023-02,2023
Nike,Metcon 7,Accessories,UY8CVUBD,PROD9102,2023-02-28,2,180.39,Washington,2023-02,2023
Under Armour,Charged Assert 9,Apparel,07LYRXLL,PROD9638,2023-04-09,3,548.58,Oregon,2023-04,2023
Puma,Cali Star Metallic,Equipment,2P4K4GUD,PROD6508,2023-07-23,5,1324.27,Virginia,2023-07,2023
Adidas,Ultraboost 21,Accessories,OUTDEYMU,PROD8299,2023-09-06,2,228.32,Arkansas,2023-09,2023
Adidas,NMD_R1,Footwear,4WQ2O54Q,PROD4601,2023-11-13,2,202.27,Iowa,2023-11,2023
Adidas,Ultraboost 21,Footwear,GZAS0Z1N,PROD7507,2023-06-03,3,370.96,Ohio,2023-06,2023
Puma,Suede Classic,Footwear,TOUJ1FAV,PROD3838,2023-03-19,3,335.76,South Carolina,2023-03,2023
Puma,RS-X³ Puzzle,Equipment,X1GCXUKV,PROD9933,2023-08-08,5,1266.6,Missouri,2023-08,2023
Under Armour,Charged Assert 9,Accessories,6X523GM4,PROD7776,2023-06-23,5,491.9,California,2023-06,2023
Under Armour,HOVR Phantom 2,Accessories,M3PQGSRF,PROD4067,2023-01-03,1,273.28,Vermont,2023-01,2023
Adidas,NMD_R1,Footwear,VOBLIAME,PROD3724,2023-06-28,4,428.49,Georgia,2023-06,2023
Nike,Pegasus 39,Apparel,7HIZ5NTT,PROD7703,2023-05-10,2,423.01,Connecticut,2023-05,2023
Nike,Pegasus 39,Equipment,FL5EJFCC,PROD6172,2023-11-20,4,771.34,Iowa,2023-11,2023
Under Armour,Charged Assert 9,Apparel,1A674YLM,PROD7756,2023-04-19,2,254.91,Pennsylvania,2023-04,2023
Nike,Pegasus 39,Footwear,8Z98JUY5,PROD9300,2023-07-27,5,1036.02,Kansas,2023-07,2023
Nike,ZoomX Vaporfly,Footwear,9R3299ZC,PROD5679,2023-11-08,1,215.45,Idaho,2023-11,2023
Under Armour,Charged Assert 9,Apparel,9VTQT7LJ,PROD7272,2023-11-19,5,1091.91,Missouri,2023-11,2023
Puma,RS-X³ Puzzle,Equipment,EKIZLY88,PROD1322,2023-11-21,5,962.06,Illinois,2023-11,2023
Under Armour,Project Rock,Equipment,5MCX7TE7,PROD9290,2023-04-24,3,201.01,Nevada,2023-04,2023
Nike,ZoomX Vaporfly,Accessories,9RHEDLXH,PROD1654,2023-09-23,2,512.49,West Virginia,2023-09,2023
Nike,Air Max 270,Equipment,4M4A0J4I,PROD6985,2023-11-12,3,661.52,West Virginia,2023-11,2023
Nike,Pegasus 39,Equipment,29WVHDEL,PROD3215,2023-04-19,5,485.83,North Carolina,2023-04,2023
Puma,Ignite Flash,Accessories,03IRYI8U,PROD5736,2023-02-13,5,726.89,Tennessee,2023-02,2023
Adidas,Superstar,Footwear,YQGSEWOK,PROD5655,2023-12-13,3,210.47,South Carolina,2023-12,2023
Under Armour,HOVR Phantom 2,Footwear,QGKOT2DT,PROD4451,2023-01-23,5,1206.43,Massachusetts,2023-01,2023
Adidas,Gazelle,Equipment,A4GRNGDN,PROD7117,2023-05-24,3,704.04,Indiana,2023-05,2023
Under Armour,UA RUSH,Accessories,YT3KM6XW,PROD8344,2023-08-09,4,696.37,Florida,2023-08,2023
Under Armour,HOVR Phantom 2,Equipment,PBU6T8AJ,PROD3261,2023-06-17,1,171.78,Illinois,2023-06,2023
Under Armour,HOVR Phantom 2,Accessories,2QDZ2JET,PROD8872,2023-10-18,1,54.19,Arizona,2023-10,2023
Nike,Metcon 7,Accessories,0FCEQM7A,PROD5145,2023-06-20,3,482.38,Colorado,2023-06,2023
Adidas,Ultraboost 21,Equipment,WU1C5N87,PROD7894,2023-04-26,4,1061.7,Washington,2023-04,2023
Under Armour,Project Rock,Footwear,9OYI8WGT,PROD4496,2023-12-12,2,286.01,Alabama,2023-12,2023
Nike,Metcon 7,Footwear,U5ODF48B,PROD4636,2023-02-14,2,264.88,Louisiana,2023-02,2023
Adidas,Ultraboost 21,Footwear,45EGQHEG,PROD8669,2023-06-21,2,335.54,Connecticut,2023-06,2023
Nike,Pegasus 39,Footwear,D7JSGY12,PROD1611,2023-01-19,4,593.9,New Mexico,2023-01,2023
Adidas,Superstar,Footwear,PIOE5CY2,PROD2588,2023-08-23,5,1404.98,Tennessee,2023-08,2023
Nike,ZoomX Vaporfly,Apparel,T8IF3MBM,PROD9578,2023-02-28,2,115.37,Oregon,2023-02,2023
Nike,Air Max 270,Accessories,383KYWBQ,PROD6269,2023-05-09,2,423.78,Texas,2023-05,2023
Nike,Metcon 7,Equipment,2PYMHE6D,PROD2178,2023-07-01,3,433.13,Idaho,2023-07,2023
Puma,Cali Star Metallic,Apparel,R988X7XW,PROD2562,2023-07-02,2,375.95,Indiana,2023-07,2023
Puma,RS-X³ Puzzle,Apparel,25DOYVMN,PROD3931,2023-01-23,2,480.77,Indiana,2023-01,2023
Puma,RS-X³ Puzzle,Footwear,9B0YILTB,PROD8490,2023-08-20,4,869.34,Ohio,2023-08,2023
Adidas,Superstar,Apparel,JOTJ2A4D,PROD1369,2023-01-12,5,1057.75,Maine,2023-01,2023
Adidas,Ultraboost 21,Apparel,BJ7L0UHA,PROD2428,2023-11-14,2,474.92,Colorado,2023-11,2023
Puma,Cali Star Metallic,Equipment,XWSADULT,PROD4985,2023-01-03,2,289.16,Oregon,2023-01,2023
Nike,Air Max 270,Footwear,U96M5VMP,PROD4723,2023-09-03,2,506.02,Kentucky,2023-09,2023
Adidas,Gazelle,Equipment,YWAS2WGN,PROD2169,2023-05-02,4,523.54,Ohio,2023-05,2023
Nike,ZoomX Vaporfly,Apparel,KJNL3LT0,PROD3959,2023-07-15,4,798.69,Ohio,2023-07,2023
Nike,Air Max 270,Accessories,O2CQ5E3S,PROD6422,2023-12-28,5,780.75,Connecticut,2023-12,2023
Puma,Cali Star Metallic,Equipment,TQ5UEJ8A,PROD6927,2023-11-01,2,454.13,Idaho,2023-11,2023
Nike,Metcon 7,Footwear,G9V324XK,PROD2792,2023-03-25,4,887.74,Virginia,2023-03,2023
Nike,Pegasus 39,Apparel,GJSPD676,PROD7758,2023-04-10,4,213.41,Kentucky,2023-04,2023
Adidas,Ultraboost 21,Apparel,T8QT4LOG,PROD1282,2023-10-03,1,51.53,Georgia,2023-10,2023
Nike,Pegasus 39,Equipment,ABP9OMKR,PROD5695,2023-08-23,1,267.27,Vermont,2023-08,2023
Adidas,Gazelle,Equipment,98430CWC,PROD7301,2023-08-25,5,593.74,North Dakota,2023-08,2023
Adidas,Superstar,Accessories,75MRJCC8,PROD9246,2023-07-14,3,367.01,Virginia,2023-07,2023
Under Armour,Project Rock,Accessories,D4LK2EUW,PROD4961,2023-10-01,1,210.18,New Jersey,2023-10,2023
Puma,RS-X³ Puzzle,Apparel,ZX2EVDLP,PROD2779,2023-12-25,2,461.78,Illinois,2023-12,2023
Nike,Air Max 270,Equipment,HZVO7FJA,PROD9832,2023-02-20,4,774.55,Tennessee,2023-02,2023
Nike,ZoomX Vaporfly,Footwear,H8FL8H2Z,PROD6127,2023-11-16,4,635.42,Wyoming,2023-11,2023
Adidas,Ultraboost 21,Apparel,Y0JCY56X,PROD1462,2023-03-17,3,325.3,Indiana,2023-03,2023
Adidas,Ultraboost 21,Equipment,2YXE78JI,PROD5511,2023-06-25,4,961.67,Texas,2023-06,2023
Nike,Pegasus 39,Apparel,PQYFZQ5M,PROD6862,2023-01-12,3,481.83,West Virginia,2023-01,2023
Nike,Air Max 270,Apparel,09YTHH1G,PROD4255,2023-11-04,1,218.38,Maine,2023-11,2023
Adidas,NMD_R1,Footwear,035R9ZUB,PROD7818,2023-09-19,2,206.29,New Jersey,2023-09,2023
Nike,ZoomX Vaporfly,Apparel,XMM1P3ZO,PROD3906,2023-04-23,3,520.7,Michigan,2023-04,2023
Puma,Cali Star Metallic,Footwear,C0AUNT4R,PROD4973,2023-10-28,5,609.78,Nevada,2023-10,2023
Adidas,Superstar,Footwear,32SPZWC8,PROD7841,2023-11-15,2,364.82,New Hampshire,2023-11,2023
Adidas,Superstar,Equipment,2MRFBJC7,PROD1659,2023-12-16,3,169.41,Wyoming,2023-12,2023
Nike,ZoomX Vaporfly,Apparel,MUJGQ6FG,PROD7669,2023-06-05,4,442.46,Idaho,2023-06,2023
Adidas,NMD_R1,Equipment,XQU6X532,PROD7872,2023-02-09,2,422.4,Florida,2023-02,2023
Adidas,Gazelle,Accessories,U0THVKQ1,PROD8156,2023-09-25,5,953.94,New Mexico,2023-09,2023
Under Armour,Project Rock,Accessories,E0S0UAZC,PROD3682,2023-01-15,5,1303.39,Illinois,2023-01,2023
Nike,Pegasus 39,Apparel,2WY5JDQ6,PROD5516,2023-07-01,1,267.49,Vermont,2023-07,2023
Nike,ZoomX Vaporfly,Equipment,42WH2W5H,PROD7637,2023-04-03,4,279.71,Wyoming,2023-04,2023
Puma,Suede Classic,Apparel,X56GA63R,PROD5971,2023-11-11,4,1157.51,Montana,2023-11,2023
Nike,Metcon 7,Apparel,X0XJZYLL,PROD4471,2023-10-27,5,821.81,Maine,2023-10,2023
Adidas,NMD_R1,Equipment,LPH4JU43,PROD3386,2023-03-21,5,1413.1,New Mexico,2023-03,2023
Adidas,Superstar,Apparel,3N8SH70L,PROD1880,2023-04-04,2,208.79,Texas,2023-04,2023
Adidas,Gazelle,Apparel,ZE3N3SOJ,PROD1216,2023-03-13,3,160.95,Mississippi,2023-03,2023
Adidas,NMD_R1,Equipment,FR29O3ZE,PROD2124,2023-01-09,4,276.13,West Virginia,2023-01,2023
Nike,Pegasus 39,Equipment,MT9KDYFY,PROD8171,2023-05-02,5,790.0,Wyoming,2023-05,2023
Puma,Suede Classic,Apparel,X8LQKICD,PROD2443,2023-06-17,4,565.45,New Mexico,2023-06,2023
Adidas,Ultraboost 21,Footwear,10UYJ9Z0,PROD6564,2023-08-03,2,472.61,North Dakota,2023-08,2023
Puma,Suede Classic,Accessories,MNMNL8FY,PROD9824,2023-09-24,5,1390.74,Maine,2023-09,2023
Under Armour,Project Rock,Footwear,6OHNVIF7,PROD7301,2023-02-15,5,789.3,Montana,2023-02,2023
Puma,Ignite Flash,Footwear,VHPKFIWS,PROD2386,2023-03-24,3,610.76,Louisiana,2023-03,2023
Puma,Ignite Flash,Accessories,8A6IH1NS,PROD3873,2023-08-21,1,207.7,Iowa,2023-08,2023
Adidas,Gazelle,Accessories,BQWD7L4N,PROD9584,2023-09-18,5,815.21,Colorado,2023-09,2023
Adidas,NMD_R1,Footwear,VU07ZQCK,PROD4495,2023-12-20,1,290.74,Florida,2023-12,2023
Nike,Metcon 7,Footwear,LZ7EUVTV,PROD1845,2023-10-18,1,156.76,Kansas,2023-10,2023
Nike,Metcon 7,Accessories,441K9U5X,PROD4140,2023-04-13,3,830.76,New Jersey,2023-04,2023
Nike,Air Max 270,Apparel,MY3OMXLJ,PROD4150,2023-02-19,1,165.37,South Carolina,2023-02,2023
Adidas,NMD_R1,Equipment,WFAWTBFO,PROD3191,2023-08-24,5,491.69,New Hampshire,2023-08,2023
Adidas,Gazelle,Footwear,R1KGJBEL,PROD6986,2023-07-06,3,435.33,Michigan,2023-07,2023
Adidas,Gazelle,Apparel,GHHEUY9A,PROD2889,2023-10-25,3,601.01,Louisiana,2023-10,2023
Nike,Pegasus 39,Equipment,DPQG27IL,PROD2937,2023-09-14,4,750.36,Oregon,2023-09,2023
Under Armour,UA RUSH,Accessories,DDMCP11Q,PROD5188,2023-03-19,3,397.68,New Mexico,2023-03,2023
Under Armour,Charged Assert 9,Equipment,65JAJBY4,PROD7659,2023-07-17,4,632.5,New Hampshire,2023-07,2023
Nike,Air Max 270,Accessories,9CAIC688,PROD9260,2023-06-26,3,444.87,Colorado,2023-06,2023
Nike,Metcon 7,Footwear,PBWMOL7U,PROD2744,2023-09-21,3,234.0,Connecticut,2023-09,2023
Under Armour,UA RUSH,Apparel,GEAAG3S2,PROD6638,2023-10-24,4,1081.83,Illinois,2023-10,2023
Adidas,Gazelle,Footwear,XKW7A08V,PROD7246,2023-11-02,5,250.61,South Dakota,2023-11,2023
Adidas,Superstar,Footwear,CN6ZHPKY,PROD7727,2023-02-20,2,103.37,New Hampshire,2023-02,2023
Adidas,Gazelle,Accessories,IC5LXRKE,PROD1666,2023-09-17,3,520.14,Tennessee,2023-09,2023
Puma,Suede Classic,Footwear,ZZMJYYO7,PROD6705,2023-04-09,1,120.99,Michigan,2023-04,2023
Adidas,Gazelle,Equipment,AK3ZUIMU,PROD7745,2023-12-09,1,200.97,Nebraska,2023-12,2023
Nike,Air Max 270,Equipment,M94FSWP2,PROD6878,2023-08-12,5,865.78,New Jersey,2023-08,2023
Nike,ZoomX Vaporfly,Apparel,IWBEJZJW,PROD2690,2023-12-10,3,276.23,Georgia,2023-12,2023
Puma,Suede Classic,Footwear,KB35VJF2,PROD5783,2023-01-25,2,104.22,West Virginia,2023-01,2023
Puma,Ignite Flash,Apparel,GZA6NKY9,PROD3258,2023-05-11,3,547.99,Nebraska,2023-05,2023
Nike,Air Max 270,Accessories,KS22GEO7,PROD3717,2023-07-02,2,180.98,Alabama,2023-07,2023
Adidas,Gazelle,Equipment,WR9XWNVV,PROD1085,2023-04-20,5,1043.48,South Dakota,2023-04,2023
Nike,Air Max 270,Accessories,K5U48YSE,PROD3358,2023-12-24,5,350.59,Massachusetts,2023-12,2023
Under Armour,Project Rock,Footwear,NZ94N5I0,PROD5593,2023-09-28,1,163.65,Colorado,2023-09,2023
Nike,Metcon 7,Footwear,HP7JKK17,PROD5642,2023-08-12,2,158.67,Connecticut,2023-08,2023
Adidas,NMD_R1,Equipment,YY4A32U0,PROD6691,2023-04-22,1,267.41,Ohio,2023-04,2023
Nike,ZoomX Vaporfly,Footwear,0K2Z39RA,PROD8550,2023-06-11,3,886.03,Illinois,2023-06,2023
Nike,Metcon 7,Apparel,60PR25Z5,PROD7267,2023-01-14,4,892.83,Nevada,2023-01,2023
Adidas,NMD_R1,Footwear,YGEKIXL6,PROD6038,2023-12-16,2,209.56,Tennessee,2023-12,2023
Puma,RS-X³ Puzzle,Equipment,BWTJGGDY,PROD2081,2023-08-24,3,278.79,Maine,2023-08,2023
Adidas,Gazelle,Equipment,PEAPV1PG,PROD5950,2023-10-12,1,204.27,Tennessee,2023-10,2023
Puma,Cali Star Metallic,Apparel,QF54IIS1,PROD2878,2023-12-02,2,264.84,Colorado,2023-12,2023
Under Armour,UA RUSH,Footwear,T5PS6KTM,PROD1019,2023-04-23,3,435.4,South Carolina,2023-04,2023
Puma,Suede Classic,Footwear,V5DAKOH1,PROD3939,2023-07-21,4,228.88,Virginia,2023-07,2023
Under Armour,HOVR Phantom 2,Footwear,Z8D0FYSJ,PROD6355,2023-06-23,4,574.0,Kentucky,2023-06,2023
Puma,Suede Classic,Accessories,8D7N3Q2X,PROD3413,2023-09-04,2,285.66,Utah,2023-09,2023
Adidas,Gazelle,Equipment,4VDI6L0T,PROD9949,2023-10-26,5,891.38,Ohio,2023-10,2023
Under Armour,UA RUSH,Accessories,SPWSDGB2,PROD1357,2023-12-19,4,1059.32,Montana,2023-12,2023
Adidas,Gazelle,Accessories,PYRMM3G7,PROD4326,2023-11-03,1,153.63,Arizona,2023-11,2023
Under Armour,HOVR Phantom 2,Equipment,PXCS7GUC,PROD1209,2023-02-25,4,374.44,Arkansas,2023-02,2023
Nike,ZoomX Vaporfly,Equipment,IKR03G7S,PROD7797,2023-02-18,1,296.21,South Carolina,2023-02,2023
Nike,ZoomX Vaporfly,Apparel,T58TUTSR,PROD4338,2023-12-01,4,926.46,Alabama,2023-12,2023
Adidas,Superstar,Accessories,6KHV8AD2,PROD5147,2023-07-25,4,401.19,South Carolina,2023-07,2023
Under Armour,UA RUSH,Apparel,JHEYHCQK,PROD6610,2023-05-08,5,1366.34,Tennessee,2023-05,2023
Puma,Ignite Flash,Accessories,F3P8D73V,PROD4684,2023-08-09,3,727.08,Missouri,2023-08,2023
Puma,RS-X³ Puzzle,Footwear,HYXVBKNY,PROD4579,2023-11-02,4,991.1,North Carolina,2023-11,2023
Puma,RS-X³ Puzzle,Apparel,B8D9TFZ6,PROD6017,2023-12-22,4,1080.12,Illinois,2023-12,2023
Puma,Suede Classic,Footwear,39XJNXGK,PROD7840,2023-02-17,3,359.52,South Carolina,2023-02,2023
Nike,Pegasus 39,Footwear,L82I93KZ,PROD2593,2023-04-20,3,763.07,Arkansas,2023-04,2023
Adidas,Gazelle,Apparel,PE659PNP,PROD1025,2023-02-21,1,74.59,Louisiana,2023-02,2023
Adidas,Ultraboost 21,Equipment,N0O8Z7OY,PROD9299,2023-11-07,4,503.51,Colorado,2023-11,2023
Nike,Pegasus 39,Apparel,7WTD7AT4,PROD8144,2023-09-23,4,553.24,South Dakota,2023-09,2023
Puma,Suede Classic,Apparel,H5WR8G55,PROD6369,2023-09-03,4,529.35,Arizona,2023-09,2023
Nike,ZoomX Vaporfly,Footwear,OLAK77Z7,PROD9650,2023-08-24,5,626.06,Georgia,2023-08,2023
Nike,Pegasus 39,Accessories,5AT76BX2,PROD7524,2023-10-13,3,352.78,Kansas,2023-10,2023
Under Armour,UA RUSH,Accessories,ZKY2L9W9,PROD8979,2023-03-06,5,1148.71,North Carolina,2023-03,2023
Puma,Ignite Flash,Footwear,2S7W90IU,PROD4504,2023-10-09,1,267.66,North Carolina,2023-10,2023
Nike,Metcon 7,Footwear,GSJPLUHO,PROD7017,2023-02-09,3,703.36,Illinois,2023-02,2023
Puma,Suede Classic,Equipment,3IHPYNGF,PROD5394,2023-02-18,3,694.5,North Carolina,2023-02,2023
Adidas,Ultraboost 21,Equipment,NCJ24VOS,PROD3031,2023-07-18,2,509.26,North Dakota,2023-07,2023
Puma,Ignite Flash,Equipment,2HQLZPKS,PROD6028,2023-04-10,2,349.71,Oklahoma,2023-04,2023
Under Armour,Charged Assert 9,Equipment,H8WN286Q,PROD9404,2023-11-04,2,554.41,Minnesota,2023-11,2023
Adidas,Ultraboost 21,Footwear,141ZIGA6,PROD8469,2023-11-20,2,431.64,New Jersey,2023-11,2023
Nike,Metcon 7,Apparel,NE4VITEW,PROD1542,2023-11-04,1,293.47,Arkansas,2023-11,2023
Under Armour,HOVR Phantom 2,Footwear,JEQEDWCG,PROD1705,2023-06-16,2,439.3,Virginia,2023-06,2023
Puma,Ignite Flash,Accessories,N8L16GU5,PROD4634,2023-03-08,4,772.64,Pennsylvania,2023-03,2023
Adidas,Ultraboost 21,Apparel,WV5Q2QCG,PROD5681,2023-12-17,5,575.23,Arizona,2023-12,2023
Adidas,Superstar,Equipment,TTKQRFCU,PROD4750,2023-02-05,2,530.42,Washington,2023-02,2023
Puma,RS-X³ Puzzle,Apparel,WXY6FDPO,PROD1384,2023-03-18,3,762.67,Mississippi,2023-03,2023
Puma,Ignite Flash,Accessories,G6IN8MSZ,PROD9255,2023-11-26,1,196.43,Arizona,2023-11,2023
Adidas,NMD_R1,Equipment,BHK8GC5E,PROD4504,2023-01-02,5,762.68,Illinois,2023-01,2023
Under Armour,HOVR Phantom 2,Equipment,RUH814YH,PROD8118,2023-07-17,4,337.14,Louisiana,2023-07,2023
Adidas,NMD_R1,Apparel,A5YNOBOY,PROD2436,2023-09-01,1,103.27,Illinois,2023-09,2023
Nike,Pegasus 39,Equipment,3Z7I2403,PROD9196,2023-01-14,3,869.01,New Hampshire,2023-01,2023
Under Armour,Charged Assert 9,Footwear,UVPHDG8U,PROD4052,2023-10-12,4,775.8,Michigan,2023-10,2023
Nike,ZoomX Vaporfly,Accessories,B3BOWMLI,PROD2972,2023-02-17,2,204.67,Louisiana,2023-02,2023
Under Armour,HOVR Phantom 2,Apparel,8LCTBJ5B,PROD6009,2023-05-14,3,856.24,Louisiana,2023-05,2023
Puma,Cali Star Metallic,Equipment,I4MKDKMT,PROD1249,2023-05-01,4,331.87,California,2023-05,2023
Nike,Air Max 270,Equipment,YPB9DHFD,PROD6438,2023-11-11,5,853.04,Maine,2023-11,2023
Adidas,Gazelle,Equipment,92MXOV1N,PROD6925,2023-04-20,2,488.45,Kansas,2023-04,2023
Adidas,Gazelle,Apparel,TDTI3DI4,PROD3376,2023-08-25,2,307.61,Maine,2023-08,2023
Nike,Metcon 7,Equipment,T4I5AIQJ,PROD6102,2023-09-07,2,356.83,Arizona,2023-09,2023
Puma,Ignite Flash,Accessories,IO76JO3Y,PROD6144,2023-04-24,1,214.32,Alabama,2023-04,2023
Adidas,NMD_R1,Accessories,GRR23ISU,PROD2843,2023-08-02,1,247.61,Montana,2023-08,2023
Nike,Air Max 270,Equipment,KME0HVC4,PROD6919,2023-02-27,3,571.17,Maryland,2023-02,2023
Adidas,Gazelle,Accessories,VCOIOTLE,PROD8633,2023-05-20,4,541.95,Wisconsin,2023-05,2023
Adidas,NMD_R1,Apparel,LPPIP5B2,PROD1770,2023-08-25,2,594.1,New Mexico,2023-08,2023
Under Armour,UA RUSH,Footwear,PAJUUF8G,PROD1781,2023-02-15,3,156.65,North Carolina,2023-02,2023
Under Armour,Charged Assert 9,Footwear,NTZX7F1D,PROD1184,2023-03-11,4,1033.29,Indiana,2023-03,2023
Under Armour,HOVR Phantom 2,Footwear,HZCYVKXF,PROD8078,2023-10-15,3,341.6,Louisiana,2023-10,2023
Adidas,NMD_R1,Accessories,JTCVW9KW,PROD5846,2023-02-28,5,423.45,Arizona,2023-02,2023
Under Armour,Charged Assert 9,Footwear,O2G895L2,PROD4277,2023-12-21,1,57.1,Colorado,2023-12,2023
Under Armour,Charged Assert 9,Footwear,KMZ4KP8L,PROD7739,2023-09-21,3,805.57,Mississippi,2023-09,2023
Adidas,Superstar,Accessories,F07FOBYA,PROD8506,2023-07-04,5,514.03,Georgia,2023-07,2023
Under Armour,UA RUSH,Footwear,381B4ZZ0,PROD7860,2023-09-01,1,184.98,Texas,2023-09,2023
Under Armour,Project Rock,Footwear,SI3N6XYD,PROD6550,2023-05-01,3,826.41,New Jersey,2023-05,2023
Puma,Suede Classic,Equipment,3LFPGAH4,PROD7475,2023-07-16,3,224.98,Delaware,2023-07,2023
Nike,Metcon 7,Accessories,B9MAH69N,PROD1574,2023-08-15,2,377.83,Nevada,2023-08,2023
Under Armour,UA RUSH,Accessories,QECRHM1G,PROD4752,2023-07-02,3,404.03,Nevada,2023-07,2023
Adidas,NMD_R1,Apparel,L88M2W77,PROD8531,2023-05-05,1,255.31,Texas,2023-05,2023
Puma,Suede Classic,Equipment,CML4X7N9,PROD9172,2023-09-27,1,126.86,Florida,2023-09,2023
Puma,Cali Star Metallic,Equipment,8P7JY5JH,PROD6696,2023-05-15,2,257.91,Maryland,2023-05,2023
Under Armour,UA RUSH,Accessories,Y0YMHASJ,PROD9601,2023-04-28,2,129.59,Kentucky,2023-04,2023
Adidas,Ultraboost 21,Equipment,60LL7XT3,PROD3795,2023-08-11,2,340.12,Mississippi,2023-08,2023
Under Armour,HOVR Phantom 2,Apparel,8OJKKOCH,PROD8511,2023-07-08,2,252.73,Nevada,2023-07,2023
Adidas,Ultraboost 21,Apparel,0CXLTZHO,PROD3849,2023-08-04,4,402.54,Illinois,2023-08,2023
Nike,Air Max 270,Accessories,TRA6RIOC,PROD7528,2023-11-08,1,54.23,Massachusetts,2023-11,2023
Puma,Suede Classic,Equipment,1489ODP9,PROD4333,2023-12-04,2,172.64,Oklahoma,2023-12,2023
Puma,Suede Classic,Equipment,17A743MJ,PROD9368,2023-08-23,5,438.4,Ohio,2023-08,2023
Puma,Suede Classic,Footwear,T7SF2W87,PROD7525,2023-09-21,5,1325.25,New Hampshire,2023-09,2023
Under Armour,Charged Assert 9,Footwear,82IGHL9M,PROD7083,2023-12-03,5,1253.7,Florida,2023-12,2023
Puma,RS-X³ Puzzle,Accessories,SGUJM93K,PROD1652,2023-06-23,1,91.61,Indiana,2023-06,2023
Under Armour,UA RUSH,Footwear,Q4NH1VZ6,PROD7640,2023-03-10,3,268.97,Oklahoma,2023-03,2023
Puma,Suede Classic,Apparel,VDX6PBPH,PROD5468,2023-08-01,4,411.18,New Mexico,2023-08,2023
Under Armour,Charged Assert 9,Apparel,0N5J3JA4,PROD6818,2023-03-13,1,140.1,Minnesota,2023-03,2023
Adidas,NMD_R1,Accessories,T8FA5POE,PROD4870,2023-02-22,5,298.08,Florida,2023-02,2023
Puma,RS-X³ Puzzle,Apparel,FZFK4N2B,PROD6917,2023-04-22,2,562.03,New Jersey,2023-04,2023
Under Armour,HOVR Phantom 2,Apparel,TJT4LVOE,PROD7432,2023-01-18,3,638.33,New Hampshire,2023-01,2023
Puma,Ignite Flash,Equipment,7NW5GDKD,PROD5773,2023-09-21,4,788.25,Ohio,2023-09,2023
Nike,ZoomX Vaporfly,Apparel,9SVK6SI2,PROD7802,2023-07-25,5,1312.8,Arkansas,2023-07,2023
Adidas,Gazelle,Equipment,5UJ765NZ,PROD7223,2023-09-12,3,371.04,Kentucky,2023-09,2023
Puma,Cali Star Metallic,Footwear,GOHHM8W2,PROD9298,2023-03-09,1,277.35,Arizona,2023-03,2023
Under Armour,Project Rock,Footwear,AI83W6GK,PROD3191,2023-08-26,4,682.53,Arizona,2023-08,2023
Adidas,NMD_R1,Equipment,KZLLCZVC,PROD1737,2023-12-27,3,795.34,Kansas,2023-12,2023
Puma,Suede Classic,Accessories,BMA5IWEV,PROD7530,2023-12-26,1,119.91,Illinois,2023-12,2023
Nike,Air Max 270,Accessories,0S23FJPQ,PROD4958,2023-04-15,2,430.04,Vermont,2023-04,2023
Nike,ZoomX Vaporfly,Equipment,02V4EGZN,PROD3797,2023-10-22,3,328.46,South Carolina,2023-10,2023
Nike,ZoomX Vaporfly,Apparel,1PUGLYE9,PROD5661,2023-03-09,5,1378.34,Nevada,2023-03,2023
Under Armour,Charged Assert 9,Footwear,404AFS9T,PROD9793,2023-12-22,2,120.71,Michigan,2023-12,2023
Nike,Air Max 270,Footwear,4WI9BVSC,PROD1000,2023-12-03,1,99.86,California,2023-12,2023
Under Armour,Project Rock,Equipment,ELS22P7O,PROD8606,2023-12-09,3,337.13,Rhode Island,2023-12,2023
Adidas,Gazelle,Equipment,QW9T1FYW,PROD8527,2023-12-24,1,279.98,Pennsylvania,2023-12,2023
Adidas,Gazelle,Footwear,FCDDVMS6,PROD3680,2023-12-09,2,211.25,Maryland,2023-12,2023
Nike,Pegasus 39,Apparel,E64NG4PN,PROD6833,2023-03-18,4,931.66,Massachusetts,2023-03,2023
Nike,Metcon 7,Apparel,9D34793I,PROD2588,2023-09-01,2,281.48,Iowa,2023-09,2023
Nike,Metcon 7,Footwear,N81FXVGB,PROD7162,2023-04-26,2,203.13,New Hampshire,2023-04,2023
Puma,RS-X³ Puzzle,Equipment,J8P9FR0S,PROD9078,2023-08-21,4,670.57,Iowa,2023-08,2023
Nike,Pegasus 39,Accessories,1OTAIGY4,PROD4700,2023-04-14,1,148.26,Minnesota,2023-04,2023
Puma,Suede Classic,Footwear,DTLR313L,PROD8402,2023-04-04,2,134.76,Florida,2023-04,2023
Nike,ZoomX Vaporfly,Equipment,YQPL5D4X,PROD6937,2023-03-06,1,61.71,California,2023-03,2023
Nike,ZoomX Vaporfly,Apparel,KEJF63I6,PROD4012,2023-07-17,3,210.39,Utah,2023-07,2023
Adidas,NMD_R1,Equipment,PMX0B70F,PROD5682,2023-08-19,5,995.92,South Dakota,2023-08,2023
Puma,Suede Classic,Apparel,M86YDVGL,PROD2119,2023-11-01,5,1499.15,Montana,2023-11,2023
Puma,Cali Star Metallic,Equipment,PNJMDOF4,PROD2750,2023-06-12,1,237.77,Minnesota,2023-06,2023
Under Armour,Charged Assert 9,Footwear,PNMQZ19R,PROD3575,2023-01-13,1,134.61,Kentucky,2023-01,2023
Under Armour,HOVR Phantom 2,Equipment,5QGU2801,PROD4178,2023-12-07,5,1365.05,Utah,2023-12,2023
Puma,RS-X³ Puzzle,Accessories,JGKSJWUA,PROD7215,2023-02-17,2,528.69,Louisiana,2023-02,2023
Under Armour,Charged Assert 9,Equipment,682L6CRS,PROD4982,2023-05-02,1,199.56,Maine,2023-05,2023
Puma,Cali Star Metallic,Accessories,HFT6VI20,PROD6867,2023-07-16,5,1317.32,Missouri,2023-07,2023
Puma,RS-X³ Puzzle,Footwear,UNQBHMVU,PROD7156,2023-08-01,2,110.78,Arkansas,2023-08,2023
Nike,Pegasus 39,Apparel,MFMN8Q3M,PROD3980,2023-06-13,1,103.88,Vermont,2023-06,2023
Puma,Cali Star Metallic,Equipment,UKAIB0QD,PROD4353,2023-09-24,4,822.11,Kansas,2023-09,2023
Nike,Metcon 7,Footwear,7SIU278D,PROD5255,2023-08-01,1,171.64,Mississippi,2023-08,2023
Adidas,NMD_R1,Apparel,H0BU4RTM,PROD7873,2023-12-08,2,121.6,Nebraska,2023-12,2023
Adidas,Ultraboost 21,Footwear,Z0APOEMB,PROD1566,2023-05-23,2,351.68,South Carolina,2023-05,2023
Adidas,NMD_R1,Footwear,XN0UZJIW,PROD7591,2023-03-18,5,442.14,Nevada,2023-03,2023
Adidas,NMD_R1,Apparel,QUZZGDZT,PROD1186,2023-10-20,4,1068.58,Connecticut,2023-10,2023
Adidas,Gazelle,Accessories,SYQ1I9BW,PROD4192,2023-08-19,4,791.63,Alabama,2023-08,2023
Nike,ZoomX Vaporfly,Equipment,CITYJUSZ,PROD3322,2023-05-17,1,60.5,Vermont,2023-05,2023
Adidas,Superstar,Equipment,02E56JZ8,PROD7058,2023-02-15,3,823.18,Indiana,2023-02,2023
Nike,Air Max 270,Equipment,WFUJBR1V,PROD1029,2023-05-16,5,314.89,Kentucky,2023-05,2023
Puma,Cali Star Metallic,Apparel,P3K2C68B,PROD8321,2023-09-01,1,191.55,South Dakota,2023-09,2023
Under Armour,UA RUSH,Footwear,MQUZ5E5I,PROD4895,2023-03-26,1,181.91,Arizona,2023-03,2023
Under Armour,Charged Assert 9,Equipment,8Q72VNA7,PROD8672,2023-09-06,1,145.24,Tennessee,2023-09,2023
Adidas,Gazelle,Apparel,R695IGA9,PROD9260,2023-02-03,1,129.66,Missouri,2023-02,2023
Adidas,Gazelle,Equipment,R2IUD45P,PROD2077,2023-06-14,3,259.76,Louisiana,2023-06,2023
Under Armour,Project Rock,Equipment,TR32620P,PROD3244,2023-06-09,3,696.92,Kansas,2023-06,2023
Nike,Metcon 7,Equipment,IYGTKFUW,PROD1656,2023-12-02,2,139.76,Iowa,2023-12,2023
Adidas,Gazelle,Accessories,QLHV7GT3,PROD2346,2023-01-22,2,263.11,Alabama,2023-01,2023
Puma,Suede Classic,Apparel,8V3O32QP,PROD5359,2023-03-06,4,518.56,Idaho,2023-03,2023
Puma,Cali Star Metallic,Equipment,4GK9Q1C4,PROD4057,2023-02-18,3,627.27,New Jersey,2023-02,2023
Under Armour,HOVR Phantom 2,Footwear,ZTZDFO1Z,PROD7179,2023-01-01,2,240.55,Tennessee,2023-01,2023
Puma,Ignite Flash,Equipment,F1HPYM26,PROD7668,2023-08-28,3,468.31,Texas,2023-08,2023
Puma,Ignite Flash,Apparel,TU5GHUAV,PROD5201,2023-09-13,2,274.27,Illinois,2023-09,2023
Nike,Pegasus 39,Apparel,QMXRXUZE,PROD6502,2023-05-25,3,574.43,Maryland,2023-05,2023
Adidas,Superstar,Apparel,A8B1KU2D,PROD8406,2023-07-05,3,545.62,Vermont,2023-07,2023
Adidas,Gazelle,Footwear,YK03S60R,PROD9326,2023-09-06,3,207.85,Wisconsin,2023-09,2023
Puma,RS-X³ Puzzle,Accessories,NGBQ6OCX,PROD2221,2023-03-23,5,827.62,Minnesota,2023-03,2023
Adidas,Superstar,Apparel,X6T6UO82,PROD2021,2023-10-20,1,107.48,Montana,2023-10,2023
Under Armour,UA RUSH,Equipment,VD73RGQ2,PROD8787,2023-08-11,5,1187.95,Mississippi,2023-08,2023
Nike,Metcon 7,Footwear,OJNJC1SO,PROD5947,2023-04-23,5,333.34,Kansas,2023-04,2023
Under Armour,UA RUSH,Equipment,TPX46QKR,PROD1669,2023-08-28,5,317.53,Nebraska,2023-08,2023
Under Armour,UA RUSH,Accessories,SA1QHSOW,PROD9518,2023-09-21,3,606.81,Idaho,2023-09,2023
Under Armour,UA RUSH,Equipment,ONPSP93Q,PROD9138,2023-05-17,2,328.77,Maryland,2023-05,2023
Nike,ZoomX Vaporfly,Equipment,ES973T3Z,PROD8231,2023-06-01,4,369.3,Iowa,2023-06,2023
Under Armour,Charged Assert 9,Footwear,VP207ZYW,PROD2963,2023-02-05,2,392.42,New Jersey,2023-02,2023
Adidas,Gazelle,Equipment,UW5CNTLD,PROD3975,2023-03-13,1,144.55,Massachusetts,2023-03,2023
Nike,Air Max 270,Apparel,V5K552CK,PROD6661,2023-09-19,2,306.34,Idaho,2023-09,2023
Nike,ZoomX Vaporfly,Apparel,HBGBMJ52,PROD5695,2023-03-20,3,520.59,Montana,2023-03,2023
Puma,Cali Star Metallic,Equipment,BFYR81SM,PROD2272,2023-12-27,5,850.95,Michigan,2023-12,2023
Under Armour,UA RUSH,Equipment,X8DKP7MI,PROD6037,2023-07-04,2,486.49,Nevada,2023-07,2023
Nike,Pegasus 39,Footwear,T9ALANW4,PROD4221,2023-04-21,4,460.99,Mississippi,2023-04,2023
Under Armour,HOVR Phantom 2,Apparel,TOMRCX6V,PROD8706,2023-03-09,5,1224.13,South Carolina,2023-03,2023
Puma,Cali Star Metallic,Apparel,TR6FVV6N,PROD9261,2023-01-23,1,70.3,Florida,2023-01,2023
Under Armour,Charged Assert 9,Equipment,D17KTHG1,PROD2319,2023-07-24,4,247.43,New Hampshire,2023-07,2023
Adidas,NMD_R1,Accessories,TB6XAPYT,PROD2468,2023-11-01,3,877.03,Colorado,2023-11,2023
Puma,Cali Star Metallic,Accessories,M4QDICT3,PROD1855,2023-05-07,1,298.5,Kansas,2023-05,2023
Nike,Metcon 7,Accessories,IFKIKZHY,PROD4887,2023-12-10,2,114.92,Oklahoma,2023-12,2023
Adidas,NMD_R1,Equipment,X89D62N0,PROD1501,2023-01-25,3,425.79,New York,2023-01,2023
Puma,Suede Classic,Accessories,LAAFBKJY,PROD4331,2023-07-28,5,432.84,Arkansas,2023-07,2023
Adidas,Superstar,Apparel,PIEU20UP,PROD8290,2023-01-14,2,579.62,Michigan,2023-01,2023
Under Armour,UA RUSH,Footwear,BE1VQRIO,PROD9597,2023-08-14,4,352.34,Connecticut,2023-08,2023
Nike,Pegasus 39,Equipment,LH6LCGAI,PROD4959,2023-07-24,2,439.92,Mississippi,2023-07,2023
Under Armour,HOVR Phantom 2,Apparel,PO5I7BYW,PROD7113,2023-09-25,3,646.81,Massachusetts,2023-09,2023
Puma,RS-X³ Puzzle,Apparel,7O82ZDCA,PROD8822,2023-08-10,2,537.11,Montana,2023-08,2023
Nike,ZoomX Vaporfly,Accessories,V1WPS0F8,PROD1414,2023-06-28,3,531.48,Missouri,2023-06,2023
Adidas,Ultraboost 21,Equipment,FQJOGYHS,PROD9593,2023-12-18,4,399.21,Vermont,2023-12,2023
Puma,Cali Star Metallic,Footwear,0ZBN9R10,PROD9995,2023-06-02,1,107.57,Louisiana,2023-06,2023
Under Armour,Charged Assert 9,Equipment,4TXONBNM,PROD1782,2023-10-17,5,952.08,North Carolina,2023-10,2023
Puma,RS-X³ Puzzle,Apparel,HYHPAS4S,PROD1688,2023-04-12,3,375.36,Pennsylvania,2023-04,2023
Under Armour,Charged Assert 9,Footwear,ACSYKQEK,PROD9180,2023-06-17,4,542.12,Maryland,2023-06,2023
Puma,Suede Classic,Accessories,3YVF5FCN,PROD9650,2023-07-16,4,582.0,Nebraska,2023-07,2023
Nike,Air Max 270,Accessories,00EM5IFQ,PROD2368,2023-11-18,4,842.9,Delaware,2023-11,2023
Puma,Suede Classic,Equipment,Y8ID2ZEY,PROD4321,2023-08-23,2,208.33,Kentucky,2023-08,2023
Puma,Cali Star Metallic,Apparel,PXCBRC5N,PROD1726,2023-07-07,1,67.17,Ohio,2023-07,2023
Nike,Air Max 270,Apparel,XQJKUSHJ,PROD6636,2023-07-11,3,634.72,South Dakota,2023-07,2023
Nike,ZoomX Vaporfly,Apparel,L3I182EO,PROD5864,2023-02-06,5,457.64,Arkansas,2023-02,2023
Adidas,Ultraboost 21,Equipment,RVWZ0D1U,PROD2512,2023-11-11,1,283.1,Kentucky,2023-11,2023
Puma,RS-X³ Puzzle,Equipment,FUXL1ADP,PROD4209,2023-10-19,4,244.44,North Dakota,2023-10,2023
Under Armour,Charged Assert 9,Equipment,5HWHMHBO,PROD9584,2023-01-13,4,790.15,Mississippi,2023-01,2023
Adidas,Superstar,Accessories,X5GEPNGF,PROD2264,2023-05-10,5,334.92,Massachusetts,2023-05,2023
Adidas,Gazelle,Equipment,STSENDFF,PROD7995,2023-11-02,3,679.15,New Jersey,2023-11,2023
Puma,Suede Classic,Apparel,QAC68JBT,PROD9342,2023-05-22,3,731.5,Florida,2023-05,2023
Adidas,Ultraboost 21,Footwear,4SNMJVHE,PROD8956,2023-01-06,3,274.63,South Carolina,2023-01,2023
Nike,Air Max 270,Footwear,VC9FDA6R,PROD6132,2023-04-15,3,486.52,Mississippi,2023-04,2023
Puma,Ignite Flash,Equipment,NE2BJQ5F,PROD2258,2023-10-18,2,271.78,New Hampshire,2023-10,2023
Adidas,Ultraboost 21,Apparel,LSZBSWTW,PROD7748,2023-01-04,3,696.66,Nevada,2023-01,2023
Nike,Pegasus 39,Equipment,GRVBFISZ,PROD1044,2023-02-24,3,478.14,Connecticut,2023-02,2023
Under Armour,Charged Assert 9,Footwear,AQO8CZX8,PROD2760,2023-06-09,5,463.27,Idaho,2023-06,2023
Nike,Pegasus 39,Accessories,7H31W82U,PROD3304,2023-03-24,3,334.73,Kentucky,2023-03,2023
Adidas,Ultraboost 21,Equipment,YBNV23CF,PROD5190,2023-06-10,3,721.43,Oregon,2023-06,2023
Puma,RS-X³ Puzzle,Footwear,02FQ1U98,PROD8934,2023-03-22,3,195.3,Montana,2023-03,2023
Puma,Suede Classic,Apparel,H41DEPF5,PROD5278,2023-06-22,2,522.88,Utah,2023-06,2023
Puma,Suede Classic,Accessories,ML5RYY73,PROD4738,2023-09-03,4,1004.49,New York,2023-09,2023
Puma,Cali Star Metallic,Apparel,X0PIOFCJ,PROD2861,2023-01-09,3,613.25,Oregon,2023-01,2023
Under Armour,Charged Assert 9,Accessories,O7SBHXVQ,PROD3281,2023-09-17,3,241.9,Massachusetts,2023-09,2023
Adidas,NMD_R1,Apparel,6YJJRXBP,PROD8199,2023-08-12,4,307.86,Idaho,2023-08,2023
Adidas,Superstar,Equipment,V8VNKBJE,PROD2962,2023-05-22,2,567.64,Wisconsin,2023-05,2023
Nike,Metcon 7,Equipment,0M7527L7,PROD4897,2023-06-20,4,948.25,West Virginia,2023-06,2023
Puma,Suede Classic,Apparel,GC6LHSMO,PROD6699,2023-09-27,4,443.6,Georgia,2023-09,2023
Adidas,Superstar,Apparel,IEV0TTU6,PROD8209,2023-12-27,1,182.29,Kentucky,2023-12,2023
Nike,ZoomX Vaporfly,Equipment,32JB0YQI,PROD5422,2023-09-07,2,314.55,South Dakota,2023-09,2023
Adidas,NMD_R1,Footwear,6HFIEWFH,PROD2563,2023-05-16,2,217.47,South Carolina,2023-05,2023
Puma,RS-X³ Puzzle,Accessories,GQIKHFP2,PROD3716,2023-09-25,5,569.07,Michigan,2023-09,2023
Puma,Suede Classic,Apparel,F1UR431D,PROD9280,2023-09-16,1,51.74,Oregon,2023-09,2023
Under Armour,HOVR Phantom 2,Equipment,2B68E1DI,PROD1813,2023-01-02,2,405.63,Kentucky,2023-01,2023
Under Armour,HOVR Phantom 2,Equipment,PQNJ6XM9,PROD9931,2023-01-19,2,246.16,Colorado,2023-01,2023
Under Armour,UA RUSH,Apparel,ZFIGVJF0,PROD5268,2023-03-02,1,196.31,New Mexico,2023-03,2023
Puma,RS-X³ Puzzle,Apparel,0RFTA5RQ,PROD4584,2023-12-07,3,878.87,Iowa,2023-12,2023
Puma,RS-X³ Puzzle,Equipment,JQIPE36R,PROD2083,2023-10-23,3,158.84,Illinois,2023-10,2023
Adidas,NMD_R1,Accessories,45QB9YTL,PROD9798,2023-03-23,3,607.32,Georgia,2023-03,2023
Puma,RS-X³ Puzzle,Equipment,WPDGHXQV,PROD9165,2023-09-01,3,370.13,Arizona,2023-09,2023
Puma,Suede Classic,Accessories,FRLTJMTR,PROD1112,2023-08-19,4,1199.93,New Jersey,2023-08,2023
Under Armour,HOVR Phantom 2,Accessories,GYCGYYVX,PROD6625,2023-05-07,2,266.2,Oklahoma,2023-05,2023
Puma,RS-X³ Puzzle,Apparel,A8UDYV9W,PROD8064,2023-04-26,3,152.78,Nebraska,2023-04,2023
Under Armour,HOVR Phantom 2,Footwear,A6UEZ49L,PROD8958,2023-01-18,4,543.83,Oregon,2023-01,2023
Puma,Ignite Flash,Equipment,HLPTRFSE,PROD4030,2023-04-04,2,372.37,Tennessee,2023-04,2023
Puma,Suede Classic,Apparel,ZMZ4U36P,PROD3627,2023-07-01,3,671.86,Nebraska,2023-07,2023
Under Armour,Charged Assert 9,Accessories,5KJI8I5I,PROD5010,2023-10-25,5,1342.75,Maryland,2023-10,2023
Under Armour,HOVR Phantom 2,Footwear,J1UHEYIL,PROD1486,2023-07-17,1,119.0,Nevada,2023-07,2023
Puma,Ignite Flash,Accessories,1WADAFL1,PROD2412,2023-04-13,3,898.79,Mississippi,2023-04,2023
Puma,Suede Classic,Equipment,A4JBB3P9,PROD2539,2023-10-05,2,147.09,Nevada,2023-10,2023
Under Armour,HOVR Phantom 2,Apparel,4NJW5ZD4,PROD4060,2023-02-15,5,686.09,Ohio,2023-02,2023
Nike,Metcon 7,Accessories,3M5YWET6,PROD6913,2023-10-19,1,175.87,Minnesota,2023-10,2023
Under Armour,UA RUSH,Equipment,OO8M9SYW,PROD6352,2023-10-20,4,638.83,Iowa,2023-10,2023
Adidas,Superstar,Apparel,XZ791DRL,PROD8711,2023-11-09,4,239.48,New Mexico,2023-11,2023
Under Armour,Charged Assert 9,Footwear,A5YBZI6N,PROD3652,2023-02-09,1,259.01,Rhode Island,2023-02,2023
Adidas,Gazelle,Equipment,8AQJO5SN,PROD8533,2023-08-01,3,424.75,Washington,2023-08,2023
Puma,Cali Star Metallic,Accessories,1KTPQRCY,PROD7766,2023-09-15,2,373.28,Oklahoma,2023-09,2023
Under Armour,Charged Assert 9,Equipment,ISZZDQ41,PROD8662,2023-02-24,5,1009.07,Michigan,2023-02,2023
Nike,Metcon 7,Equipment,XHC8AVL6,PROD5460,2023-09-12,1,253.89,Oregon,2023-09,2023
Adidas,NMD_R1,Footwear,CO0OYC37,PROD9250,2023-05-20,4,857.46,Michigan,2023-05,2023
Puma,RS-X³ Puzzle,Equipment,51KDOA18,PROD5694,2023-04-16,1,248.35,Kentucky,2023-04,2023
Nike,ZoomX Vaporfly,Apparel,99UYVXHN,PROD4196,2023-04-02,1,182.02,Louisiana,2023-04,2023
Puma,Cali Star Metallic,Footwear,YTUMAD8J,PROD2485,2023-08-15,2,318.62,New Mexico,2023-08,2023
Under Armour,Project Rock,Accessories,AC7CWV6F,PROD6617,2023-08-19,3,503.26,Missouri,2023-08,2023
Under Armour,HOVR Phantom 2,Apparel,O1CSR8IE,PROD2047,2023-07-21,5,460.77,Minnesota,2023-07,2023
Puma,Suede Classic,Apparel,GEDEHM80,PROD1648,2023-04-09,2,166.45,New Jersey,2023-04,2023
Puma,Ignite Flash,Equipment,HQ6ZDAFA,PROD7158,2023-05-10,1,199.51,Pennsylvania,2023-05,2023
Under Armour,Project Rock,Apparel,LHBYOPTI,PROD5722,2023-12-04,1,250.25,Massachusetts,2023-12,2023
Adidas,Superstar,Equipment,G30HRX54,PROD3027,2023-01-13,1,71.02,Arizona,2023-01,2023
Puma,RS-X³ Puzzle,Apparel,S7UCFJ2T,PROD2967,2023-04-12,4,1137.16,Kansas,2023-04,2023
Adidas,Ultraboost 21,Apparel,CL7XSFRT,PROD3781,2023-03-01,1,114.34,Montana,2023-03,2023
Under Armour,UA RUSH,Footwear,O6MSAFE3,PROD1677,2023-03-03,2,485.22,Oregon,2023-03,2023
Under Armour,HOVR Phantom 2,Equipment,QD78GSWZ,PROD6952,2023-12-28,3,734.0,New York,2023-12,2023
Under Armour,Charged Assert 9,Accessories,110RNM0K,PROD6917,2023-02-18,1,121.81,Colorado,2023-02,2023
Nike,Air Max 270,Equipment,HOD7PZOY,PROD2085,2023-07-19,5,1385.29,Virginia,2023-07,2023
Under Armour,UA RUSH,Accessories,6BRRCTHU,PROD6834,2023-12-06,2,213.1,Maine,2023-12,2023
Adidas,Superstar,Footwear,82JNETMN,PROD7392,2023-09-15,2,316.28,North Carolina,2023-09,2023
Adidas,NMD_R1,Apparel,LWKLNUCV,PROD2310,2023-12-23,4,291.15,Florida,2023-12,2023
Nike,ZoomX Vaporfly,Accessories,Z02GANWA,PROD8856,2023-05-26,3,808.42,Nebraska,2023-05,2023
Under Armour,Project Rock,Footwear,PTU2159N,PROD2808,2023-11-26,5,419.27,Massachusetts,2023-11,2023
Puma,Suede Classic,Apparel,85B155RJ,PROD7924,2023-09-28,2,591.73,Maine,2023-09,2023
Nike,Metcon 7,Equipment,SF7H9O7I,PROD2451,2023-04-08,3,729.21,Georgia,2023-04,2023
Under Armour,Project Rock,Apparel,UYZZVQHH,PROD6917,2023-12-04,5,1245.49,South Carolina,2023-12,2023
Adidas,Superstar,Apparel,D975Y9N4,PROD5910,2023-07-11,3,216.64,Colorado,2023-07,2023
Puma,RS-X³ Puzzle,Apparel,2T9ZQW7C,PROD6863,2023-08-05,4,304.44,Massachusetts,2023-08,2023
Under Armour,Project Rock,Footwear,YMEXF5UU,PROD3650,2023-11-15,5,573.7,North Dakota,2023-11,2023
Under Armour,Charged Assert 9,Footwear,T3N1AAPB,PROD6891,2023-01-07,3,265.05,Virginia,2023-01,2023
Nike,ZoomX Vaporfly,Apparel,H8GG91YF,PROD6525,2023-08-15,2,213.45,Vermont,2023-08,2023
Nike,ZoomX Vaporfly,Equipment,6YE44BM2,PROD8199,2023-06-26,3,586.02,New Mexico,2023-06,2023
Adidas,Gazelle,Equipment,P2VLMF2U,PROD8939,2023-02-12,1,71.22,Idaho,2023-02,2023
Under Armour,Charged Assert 9,Footwear,5B4C7ED0,PROD3402,2023-06-02,1,109.51,Alabama,2023-06,2023
Puma,Suede Classic,Footwear,DKDIALXA,PROD9818,2023-11-17,3,634.79,Vermont,2023-11,2023
Under Armour,HOVR Phantom 2,Footwear,1NKNCZPZ,PROD6929,2023-01-26,2,179.1,Kentucky,2023-01,2023
Nike,ZoomX Vaporfly,Apparel,13ED0F1I,PROD4771,2023-09-17,1,262.49,Arkansas,2023-09,2023
Adidas,Ultraboost 21,Apparel,KTWLEW90,PROD3183,2023-04-06,1,130.31,Illinois,2023-04,2023
Adidas,Superstar,Accessories,1FNZ8DCA,PROD3937,2023-03-14,1,63.11,Missouri,2023-03,2023
Adidas,NMD_R1,Equipment,LXG2IU1M,PROD1919,2023-03-24,1,148.53,Nevada,2023-03,2023
Adidas,Ultraboost 21,Accessories,IJNU3ZLU,PROD2317,2023-12-14,4,208.78,Wisconsin,2023-12,2023
Nike,Air Max 270,Footwear,HCYYZ17U,PROD5748,2023-09-04,5,1423.78,Rhode Island,2023-09,2023
Adidas,NMD_R1,Equipment,XPOEMQD6,PROD5558,2023-01-15,1,286.81,Montana,2023-01,2023
Adidas,Superstar,Accessories,ZINB11WQ,PROD8440,2023-04-28,5,826.44,Michigan,2023-04,2023
Puma,Suede Classic,Accessories,V5FTDHLP,PROD3674,2023-12-11,1,122.62,Texas,2023-12,2023
Nike,Metcon 7,Apparel,21QUTWOO,PROD7536,2023-02-25,1,154.71,Vermont,2023-02,2023
Adidas,Superstar,Footwear,U0ZOEOP3,PROD1906,2023-03-24,4,742.73,Montana,2023-03,2023
Adidas,Gazelle,Accessories,5G09UTZ9,PROD8931,2023-10-23,1,180.89,Louisiana,2023-10,2023
Under Armour,UA RUSH,Accessories,CD9WNRRB,PROD5963,2023-09-08,3,716.2,California,2023-09,2023
Nike,Pegasus 39,Accessories,CXTLM9FS,PROD9655,2023-07-11,5,796.0,Kentucky,2023-07,2023
Under Armour,Project Rock,Accessories,11TZ0XIV,PROD7562,2023-05-15,3,829.59,Pennsylvania,2023-05,2023
Puma,Ignite Flash,Footwear,C8ZQFP9F,PROD6351,2023-06-07,4,801.87,Utah,2023-06,2023
Nike,Air Max 270,Accessories,CBL6ZZHN,PROD4242,2023-10-25,4,954.48,Rhode Island,2023-10,2023
Puma,RS-X³ Puzzle,Apparel,OROYH7KK,PROD6351,2023-06-22,5,555.97,Kansas,2023-06,2023
Nike,ZoomX Vaporfly,Apparel,XB7OPOPE,PROD2401,2023-04-13,4,710.63,Idaho,2023-04,2023
Puma,Cali Star Metallic,Equipment,Z5MFGZIY,PROD4610,2023-08-17,4,910.11,Colorado,2023-08,2023
Nike,Metcon 7,Footwear,S4L1WWP1,PROD5748,2023-11-17,4,712.0,Georgia,2023-11,2023
Puma,Suede Classic,Accessories,337L5FDV,PROD4462,2023-08-09,4,289.75,Connecticut,2023-08,2023
Adidas,Gazelle,Footwear,65ECP3AH,PROD5467,2023-11-16,4,663.0,Montana,2023-11,2023
Nike,ZoomX Vaporfly,Accessories,3EJB0CCD,PROD2497,2023-11-25,2,177.09,Oregon,2023-11,2023
Puma,RS-X³ Puzzle,Equipment,C10S6CYN,PROD8614,2023-02-13,4,412.07,Colorado,2023-02,2023
Nike,ZoomX Vaporfly,Footwear,K7IE79F9,PROD8006,2023-05-16,5,1370.51,Nevada,2023-05,2023
Nike,Air Max 270,Equipment,YIKYA6HY,PROD5615,2023-08-21,4,879.6,Massachusetts,2023-08,2023
Under Armour,Charged Assert 9,Apparel,3NGTWM89,PROD4589,2023-12-12,5,445.5,Oklahoma,2023-12,2023
Nike,Metcon 7,Accessories,IOA781KT,PROD4233,2023-06-09,3,298.96,Kentucky,2023-06,2023
Under Armour,UA RUSH,Apparel,S48UMQBA,PROD8568,2023-04-03,4,1107.97,Arkansas,2023-04,2023
Adidas,Ultraboost 21,Footwear,910703B2,PROD2008,2023-09-22,5,1012.81,Nebraska,2023-09,2023
Under Armour,Charged Assert 9,Accessories,X6KLYPRG,PROD7947,2023-10-23,5,1125.8,Georgia,2023-10,2023
Puma,Suede Classic,Equipment,MHYRG8EE,PROD5695,2023-11-18,4,1038.64,Texas,2023-11,2023
Adidas,Ultraboost 21,Accessories,TO2TCNUR,PROD1399,2023-02-25,2,131.65,Nebraska,2023-02,2023
Under Armour,UA RUSH,Equipment,I8A8ZOCF,PROD6346,2023-07-09,3,664.67,Maine,2023-07,2023
Under Armour,UA RUSH,Equipment,O6QEZNOK,PROD6638,2023-02-04,3,757.87,Connecticut,2023-02,2023
Nike,Pegasus 39,Equipment,HIGP9GQV,PROD4502,2023-02-15,5,518.56,Montana,2023-02,2023
Under Armour,Charged Assert 9,Footwear,25KD63DC,PROD1136,2023-12-16,5,462.29,California,2023-12,2023
Puma,Ignite Flash,Footwear,YPFLXXO2,PROD2135,2023-03-24,5,1248.77,Illinois,2023-03,2023
Under Armour,HOVR Phantom 2,Footwear,0XU72BVN,PROD6223,2023-07-28,4,482.05,West Virginia,2023-07,2023
Under Armour,HOVR Phantom 2,Footwear,7DFPQCMN,PROD4310,2023-12-21,4,329.79,Iowa,2023-12,2023
Puma,Ignite Flash,Footwear,8D43JQZK,PROD5737,2023-08-05,5,765.52,South Dakota,2023-08,2023
Nike,Air Max 270,Accessories,FOANFD3X,PROD2671,2023-12-24,2,526.05,South Carolina,2023-12,2023
Puma,Ignite Flash,Accessories,UU4TBCL8,PROD7363,2023-08-08,3,574.23,New Jersey,2023-08,2023
Puma,Cali Star Metallic,Apparel,UY8GYDTG,PROD7016,2023-11-27,4,651.7,New Jersey,2023-11,2023
Under Armour,HOVR Phantom 2,Footwear,2EZKU7TG,PROD6019,2023-04-03,2,231.28,Kansas,2023-04,2023
Under Armour,HOVR Phantom 2,Apparel,0HN51KUZ,PROD5961,2023-04-08,3,631.36,Arizona,2023-04,2023
Nike,ZoomX Vaporfly,Apparel,GGGRIEJL,PROD2979,2023-02-21,5,547.81,Iowa,2023-02,2023
Adidas,Ultraboost 21,Accessories,D5URUBCG,PROD3817,2023-09-11,2,493.13,Mississippi,2023-09,2023
Adidas,Superstar,Accessories,MUGFIPE1,PROD8422,2023-09-10,1,92.78,New York,2023-09,2023
Nike,Air Max 270,Equipment,RT24JGIH,PROD7460,2023-01-28,4,470.79,Louisiana,2023-01,2023
Puma,Cali Star Metallic,Accessories,5YK2QN30,PROD7267,2023-05-12,4,955.56,South Dakota,2023-05,2023
Puma,Cali Star Metallic,Accessories,P52T70HI,PROD6273,2023-01-01,3,889.63,New Jersey,2023-01,2023
Nike,Pegasus 39,Apparel,7LILHOSV,PROD6123,2023-04-06,3,272.6,Kentucky,2023-04,2023
Under Armour,UA RUSH,Footwear,AQZWL26K,PROD7208,2023-04-25,5,1308.12,New Jersey,2023-04,2023
Adidas,NMD_R1,Accessories,YKO6W716,PROD3629,2023-04-11,5,755.96,Mississippi,2023-04,2023
Under Armour,UA RUSH,Apparel,T0PDINIG,PROD7196,2023-01-08,3,891.65,Massachusetts,2023-01,2023
Puma,Ignite Flash,Footwear,HVE12VLC,PROD1507,2023-10-18,4,324.92,Washington,2023-10,2023
Under Armour,Charged Assert 9,Equipment,60NGAHMN,PROD4085,2023-10-01,3,522.79,Missouri,2023-10,2023
Puma,Suede Classic,Footwear,EJ305WAO,PROD1479,2023-05-17,1,80.8,Tennessee,2023-05,2023
Puma,Cali Star Metallic,Footwear,COI1RDYG,PROD8342,2023-03-02,1,291.91,South Dakota,2023-03,2023
Puma,Suede Classic,Apparel,6VTN5QRM,PROD9186,2023-10-05,2,363.18,Alabama,2023-10,2023
Nike,Air Max 270,Equipment,7E7YVOQC,PROD8072,2023-04-09,4,721.46,Rhode Island,2023-04,2023
